Año,Trimestre,Provincia,ADSL,Cablemodem,Fibra óptica,Wireless,Otros,Total
2024,1,Buenos Aires,2.2451947721383396,42.33676068803633,71.32519405236933,10.915512283141927,13.776838311733314,37.64581333709883
2024,1,Capital Federal,0.36179291474145275,17.506068418824796,7.987413892362972,0.0,6.511608566082195,10.627027212688697
2024,1,Catamarca,0.0,0.0,2.142457268774939,0.0,0.0,0.0
2024,1,Chaco,0.0,0.28905991457267094,2.456951144462311,0.24799353419919928,1.4558181440155242,0.32915503466226004
2024,1,Chubut,0.0,0.5705545080232424,0.943958072777083,1.9368456665977483,1.1128976367038603,0.44466155399126434
2024,1,Córdoba,0.8242543368131537,6.305221841690075,18.120977507791874,4.2114542413021825,1.0528796174371058,7.402095573573104
2024,1,Corrientes,0.0,0.6995112941085928,1.4169098525003474,0.398736913331955,0.4617090581467877,0.3470996475574222
2024,1,Entre Ríos,0.0,1.8183476353561396,2.52512258551208,1.4167998045223014,1.339524568577171,1.4054425377392155
2024,1,Formosa,0.0,0.0,0.6085402894407719,0.8830705035430333,0.0,0.0
2024,1,Jujuy,0.0,0.16844576134220957,1.9257538760844104,0.0,0.0,0.04300295578534396
2024,1,La Pampa,0.0,0.2902759071843614,1.3092331209179522,1.0958404601244291,0.0,0.07461783737265221
2024,1,La Rioja,0.0,0.23540231654288682,0.8141266154487523,0.09702460387572129,0.0,0.0
2024,1,Mendoza,0.0,0.473813829991919,7.260992992277609,1.691671522282578,0.0,1.4515825568592728
2024,1,Misiones,0.0,0.575849463193135,3.133305540666627,0.6219574084168186,0.6931873310693741,0.6879938632629656
2024,1,Neuquén,0.0,0.5102320390964713,1.5482897584023187,1.4496550946375204,0.0,0.3955829232316332
2024,1,Río Negro,0.0,0.14741986377804286,2.5532725865046753,0.9493825536153976,1.930556518123224,0.44727958981561167
2024,1,Salta,0.0,0.9081540770385192,2.341016020487166,0.5038437682085597,0.6378820431076304,0.6903218543021084
2024,1,San Juan,0.0,0.0,1.6803843328767396,1.3900343965565851,0.7006722572596854,0.0
2024,1,San Luis,0.0,0.017093161965598184,1.1497429178329661,5.552205702685939,0.0,0.3333301530177061
2024,1,Santa Cruz,0.0,0.0,1.8646497131399757,0.20250737740352986,0.0,0.0
2024,1,Santa Fe,0.5942680180578289,5.53611421095163,14.758183947749787,2.936413360148864,1.6455748839143391,6.153292485359417
2024,1,Santiago Del Estero,0.0,0.6245045599722938,0.9702419947193933,0.14679623329511493,0.14124332940605724,0.09115802288682338
2024,1,Tierra Del Fuego,0.0,0.1209143033054989,0.04379330196732376,0.0,0.0,0.0
2024,1,Tucumán,0.0,0.0,8.074881384868878,0.0,0.0,1.1615225061395993
2023,4,Buenos Aires,2.529340436739268,42.44507638434602,70.75266511821809,9.990977952371107,9.154064730750571,37.394413203143934
2023,4,Capital Federal,0.2004744245569504,17.83484819332743,7.144263792110853,0.0,3.8698454501351445,10.395418818945267
2023,4,Catamarca,0.0,0.0,2.098584559188454,0.0,0.0,0.0
2023,4,Chaco,0.0,0.3098087505291107,2.371111508149207,0.24799353419919928,0.06972070136530598,0.2668946316908275
2023,4,Chubut,0.0,0.5705545080232424,0.9367319794334267,1.9124861379997369,1.1128976367038603,0.4407993786935391
2023,4,Córdoba,1.0059638914126328,6.345180282448917,17.38848192484069,4.267165385410597,0.964862429828817,7.37998347508
2023,4,Corrientes,0.0,0.7073151960595683,1.3255910904651302,0.3982106272202695,0.4615704484025227,0.35914413890092106
2023,4,Entre Ríos,0.0,1.8382345018663178,2.3459392928751512,1.4232656053230082,1.339524568577171,1.421356837137945
2023,4,Formosa,0.0,0.0,0.5398924026760368,0.8988590868935962,0.0,0.0
2023,4,Jujuy,0.0,0.1682918382268057,1.8806106445913486,0.0,0.0,0.042751074787666224
2023,4,La Pampa,0.0,0.2911224843190826,1.2605959541818037,1.1184707629269026,0.0,0.0679849711004719
2023,4,La Rioja,0.0,0.23537153191980606,0.7932027077998134,0.09694942014548052,0.0,0.0
2023,4,Mendoza,0.0,0.4736291222534344,7.132352649236695,1.6918970734733003,0.0,1.4268066259967904
2023,4,Misiones,0.0,0.5979989994997499,2.89047704127211,0.5881247298084694,0.7321366692078453,0.6710262433284929
2023,4,Neuquén,0.0,0.5177127025050987,1.5485279812598018,1.4498806458282427,0.0,0.3984910038411852
2023,4,Río Negro,0.0,0.14837418709354677,2.451392611121037,0.9156250587372893,1.930556518123224,0.42741915478659764
2023,4,Salta,0.0,0.9035825605110247,2.3115160899688325,0.5037685844783188,0.6385750918289556,0.7046027435946853
2023,4,San Juan,0.0,0.0,1.5925198022750282,1.2965810198673007,0.7006722572596854,0.0
2023,4,San Luis,0.0,0.017093161965598184,1.093998769181903,5.552205702685939,0.0,0.32260612872263894
2023,4,Santa Cruz,0.0,0.0,2.0910011315585733,0.19408679961656297,0.0,0.0
2023,4,Santa Fe,0.7421244462984632,5.518459229614807,14.022631171460901,2.9634043193053023,1.613833252477649,6.0839336179079755
2023,4,Santiago Del Estero,0.0,0.6240427906260823,0.8611756298016795,0.14672104956487417,0.14124332940605724,0.08251774139072658
2023,4,Tierra Del Fuego,0.0,0.12193019586716435,0.0437138943481627,0.0,0.0,0.0
2023,4,Tucumán,0.0,0.0,7.833363111190518,0.0,0.0,1.1748035041989706
2023,3,Buenos Aires,2.7317521538238547,42.236895370762305,68.9916423480833,9.985564723793772,9.189271605793888,37.063281284287775
2023,3,Capital Federal,0.2296752206851935,17.934959787586102,6.545053897921505,0.0,3.8702612793679396,10.34669892778839
2023,3,Catamarca,0.0,0.0,2.0673376610485774,0.0,0.0,0.0
2023,3,Chaco,0.0,0.30643783430176624,2.080956067734699,0.237693363156213,0.07027514034236607,0.22689898236260558
2023,3,Chubut,0.0,0.5435102166467849,0.922954757508983,1.9108320959344398,1.1098482223300299,0.424755322417218
2023,3,Córdoba,1.1387179224305244,6.370023473275099,16.467432950191572,4.316185177527583,1.1833113867904914,7.303900148266314
2023,3,Corrientes,0.0,0.6733751491130181,1.328132134278284,0.3985865458714734,0.4628179361009079,0.3618690333303438
2023,3,Entre Ríos,0.012175247199233567,1.805741332204564,2.073055009628174,1.4567223652801533,1.2847737195924873,1.3805673810291628
2023,3,Formosa,0.0,0.0,0.48927004546086195,0.8866793225945905,0.0,0.0
2023,3,Jujuy,0.0,0.16827644591526533,1.8172036606912434,0.0,0.0,0.037843211711703115
2023,3,La Pampa,0.0,0.2911224843190826,1.2034224683858417,1.1208766422946075,0.0,0.05726094680540476
2023,3,La Rioja,0.0,0.2361873244314465,0.7731522839616461,0.09694942014548052,0.0,0.0
2023,3,Mendoza,0.0,0.5066610228191019,6.993349611895261,1.6918970734733003,0.0,1.4166626912721325
2023,3,Misiones,0.0,0.5993381306037634,2.676910249538443,0.5881247298084694,0.7321366692078453,0.6466166848262689
2023,3,Neuquén,0.0,0.5107092007542232,1.4556210668413634,1.426949608104806,0.16466837618684593,0.3957890076842786
2023,3,Río Negro,0.0,0.15822526647939356,2.147459948782086,0.8840478920361634,2.107006722572597,0.38977439477003456
2023,3,Salta,0.0,0.8954400277061608,2.2763385146804835,0.5436911452361709,0.6437036523667614,0.7160595126102695
2023,3,San Juan,0.0,0.0,1.5802910289242253,1.2940247730391143,0.704691939843371,0.0
2023,3,San Luis,0.0,0.022695963366298533,0.871260397435134,5.512884611770013,0.0,0.2785727506740679
2023,3,Santa Cruz,0.0,0.0,0.3449864014452187,0.0,0.0,0.0
2023,3,Santa Fe,0.9047297512276,5.505899103397852,13.23852063605503,2.965208728831081,1.5990020098412918,6.0141015194912
2023,3,Santiago Del Estero,0.0,0.6275368453457498,0.7608838068012626,0.13612014360092475,0.1434610853142976,0.07257989111871418
2023,3,Tierra Del Fuego,0.0,0.07778504636933851,0.0437138943481627,0.0,0.0,0.0
2023,3,Tucumán,0.02580699899953689,0.0,7.641871637583626,0.0,0.0,1.1764979763651664
2023,2,Buenos Aires,3.1253194941828197,41.964266748758995,65.24781132749688,10.021953649230307,9.319703375147272,36.4316782334746
2023,2,Capital Federal,0.3369050691309405,18.139554392580905,5.308955194250888,0.0,3.8809342296763463,10.268035728937882
2023,2,Catamarca,0.0,0.0,2.008853949536458,0.0,0.0,0.0
2023,2,Chaco,0.0,0.30468311078616234,1.9603358942290512,0.237693363156213,0.09328435789035969,0.22467784992853831
2023,2,Chubut,0.0,0.516250432908762,0.5371925436245608,1.9108320959344398,1.1140065146579805,0.39340758734259823
2023,2,Córdoba,1.1988588357154726,6.368946011467272,16.243701983205288,4.306937578707967,1.1822025088363712,7.291817493135289
2023,2,Corrientes,0.0,0.6592142224958634,1.2011593512397514,0.3985865458714734,0.46489708226488324,0.3501527505595765
2023,2,Entre Ríos,0.027998826311826323,1.5763651056297379,1.8529767931233,1.455218690675338,1.2847737195924873,1.2329040543299679
2023,2,Formosa,0.0,0.0,0.4413872511067437,0.8802135217938838,0.0,0.0
2023,2,Jujuy,0.0,0.16827644591526533,1.7750779187263017,0.0,0.0,0.0383393409495532
2023,2,La Pampa,0.0,0.29170739215761726,1.1461695749707184,1.1192977839595513,0.0,0.04954422896745965
2023,2,La Rioja,0.0,0.2308615846384731,0.741031902010998,0.09694942014548052,0.0,0.0
2023,2,Mendoza,0.0,0.4891907492207642,6.720902070553669,1.6918970734733003,0.0,1.4140217571752691
2023,2,Misiones,0.0,0.645068688190249,2.454688027316221,0.5880495460782287,0.7321366692078453,0.6339157763373068
2023,2,Neuquén,0.0,0.5062608227190518,1.2939471542294483,1.424017442625416,0.1675791808164114,0.37650102946816855
2023,2,Río Negro,0.0,0.14675799438180628,2.0147301133543762,0.8840478920361634,2.1089472589923073,0.38896532247446364
2023,2,Salta,0.0,0.8827721553084235,2.211263970777996,0.5436911452361709,0.6442580913438215,0.7091518670678952
2023,2,San Juan,0.0,0.0,0.8987354336648602,1.3863503937747872,0.7073255249844064,0.0
2023,2,San Luis,0.0,0.027698464616923848,0.5167053778810077,5.477473074826608,0.0,0.21622838737007616
2023,2,Santa Cruz,0.0,0.0,0.3449466976356381,0.0,0.0,0.0
2023,2,Santa Fe,1.1570161452827987,5.533836148843653,12.252000079407619,2.934308215702122,1.746482777739275,5.97946406593176
2023,2,Santiago Del Estero,0.0,0.6147150498326086,0.5821769598793004,0.13612014360092475,0.14318386582576756,0.04114056295402981
2023,2,Tierra Del Fuego,0.0,0.07810828491168662,0.0,0.0,0.0,0.0
2023,2,Tucumán,0.07771795424737246,0.0,7.400988624858555,0.0,0.0,1.153943177936751
2023,1,Buenos Aires,3.6774620053805824,41.880840420210106,61.48107120878248,9.574836005488413,9.68452422205281,35.938907408926895
2023,1,Capital Federal,1.2391036133333804,18.22111825143341,6.1001330077620946,0.0,4.147480767897983,10.96300593256077
2023,1,Catamarca,0.0,0.0,1.8918468227026384,0.0,0.04740453253863747,0.0
2023,1,Chaco,0.0,0.31673529072228424,1.8730272169614675,0.228295396876116,0.09328435789035969,0.22915827858419982
2023,1,Chubut,0.01308025976688856,0.5137260938161389,0.2872173585055486,1.9108320959344398,1.2257259685355881,0.4399063460654089
2023,1,Córdoba,1.3073613580844843,6.387647669988841,15.234986997002363,4.207319136138939,1.1910735324693327,7.156114697447033
2023,1,Corrientes,0.0,0.6305691307192057,1.08927401584182,0.4485085427513486,0.4628179361009079,0.34042861749771497
2023,1,Entre Ríos,0.09277792900600632,1.5630815407703853,1.66466162428285,1.602127699565814,1.2850509390810174,1.2400101515674822
2023,1,Formosa,0.0,0.0,0.42737180632481686,0.9311129071668891,0.0,0.0
2023,1,Jujuy,0.0,0.16827644591526533,1.734659440573323,0.0,0.0,0.04245339724495618
2023,1,La Pampa,0.0,0.30468311078616234,1.0142338157346198,1.1275679942860366,0.0,0.031179814409501256
2023,1,La Rioja,0.0,0.22248816716050332,0.7202668096003811,0.09694942014548052,0.0,0.0
2023,1,Mendoza,0.0,0.5160811174818178,5.953705358029103,1.6906189500592073,0.0,1.3784760054726872
2023,1,Misiones,0.0,0.6570131219455881,2.1455144621126396,0.5857188504407647,0.8288862707048306,0.5973853989165301
2023,1,Neuquén,0.0,0.5000885057913572,1.1797987016854268,1.4158224160291712,0.22302307852242012,0.3663189309559838
2023,1,Río Negro,0.0,0.1381998691653519,1.6972584519484644,0.8835216059244779,2.4273338415690624,0.396231707619591
2023,1,Salta,0.0,0.8738600069265402,2.131221090663649,0.5385786515797981,0.6442580913438215,0.7098998773034231
2023,1,San Juan,0.0,0.0,0.40565382248426735,1.2635753622916002,0.7447501559359623,0.0
2023,1,San Luis,0.0,0.04062800631084773,0.17354535167649335,5.552205702685939,0.0,0.17588926395411186
2023,1,Santa Cruz,0.0,0.0,0.38258590911797985,0.0,0.0,0.0
2023,1,Santa Fe,1.3350632271475489,5.625405010197406,11.172929942627995,2.88566434223634,1.7111372929516946,5.906647559330378
2023,1,Santiago Del Estero,0.0,0.6196559818370724,0.5588311198459492,0.13612014360092475,0.14318386582576756,0.04683460005304767
2023,1,Tierra Del Fuego,0.0,0.04612306153076538,0.0,0.0,0.0,0.0
2023,1,Tucumán,0.15977714065521495,0.0,7.082961110118516,0.0,0.0,1.1348460186582756
2022,4,Buenos Aires,3.9790150210874997,41.976334321006654,59.4194508963135,9.383267860834914,9.77891745789729,35.73844829856294
2022,4,Capital Federal,1.33248959765828,18.440704967868548,5.398407877235821,0.0,4.147896597130778,10.98740785830549
2022,4,Catamarca,0.0,0.0,1.7769837015861671,0.0,0.04740453253863747,0.0
2022,4,Chaco,0.0,0.32501635433101167,1.7749191034879797,0.21438640678157247,0.09328435789035969,0.23847787549827595
2022,4,Chubut,0.013108541409627777,0.5198522338092123,0.2872173585055486,1.925868841982595,0.9631991128976367,0.4300295578534396
2022,4,Córdoba,1.5235603760044403,6.415476969253858,14.484426180692038,4.249797943724978,1.319980594635803,7.153733277105353
2022,4,Corrientes,0.0,0.6177473352060646,0.9596807813709726,0.29896810330244533,0.4708573012682792,0.3284680864867753
2022,4,Entre Ríos,0.15532278192378804,1.47145111017047,1.5173604907390865,1.6020525158355732,1.4703721671633516,1.2102118662664558
2022,4,Formosa,0.0,0.0,0.4183590415500367,0.9463000206755258,0.0,0.0
2022,4,Jujuy,0.0,0.18840958941008967,1.5899390546522938,0.0,0.0,0.04426236077373263
2022,4,La Pampa,0.0,0.3142571285642821,0.8723324002938082,1.1194481514200327,0.0,0.013319161846898334
2022,4,La Rioja,0.0,0.21914803555623966,0.6649196990451234,0.09694942014548052,0.0,0.0
2022,4,Mendoza,0.0,0.5797437180128526,5.737160780576897,1.6917467060128188,0.006514657980456026,1.371492032355259
2022,4,Misiones,0.0,0.7242467387539924,1.759037579655768,0.4488092776723117,0.831935685078661,0.5636791417727461
2022,4,Neuquén,0.0,0.5007041982529726,1.150854624501221,1.4066500009397966,0.22302307852242012,0.3645481312147343
2022,4,Río Negro,0.0,0.1270096586754916,1.6428245290135588,0.839915042384828,2.4273338415690624,0.37914196356503205
2022,4,Salta,0.0,0.8754146303921191,2.0204871657435532,0.5096329154370994,0.6435650426224964,0.7132124940607606
2022,4,San Juan,0.0,0.0,0.3934647529430449,1.2635753622916002,0.8370642456164669,0.0
2022,4,San Luis,0.0,0.050956247354446454,0.03287475433267822,5.747908952502678,0.0,0.1740345038803031
2022,4,Santa Cruz,0.0,0.0,0.38258590911797985,0.0,0.0,0.0
2022,4,Santa Fe,1.684143543477723,5.7260553353599875,9.766223969189843,2.932729357367066,2.4036315752997437,5.91746317671551
2022,4,Santiago Del Estero,0.0,0.6280909685612037,0.4977269569015147,0.13574422494972088,0.14318386582576756,0.05400175935060499
2022,4,Tierra Del Fuego,0.0,0.017601108246430908,0.0,0.0,0.0,0.0
2022,4,Tucumán,0.3523609868879234,0.0,6.596232108470808,0.0,0.0,1.1525692815857818
2022,3,Buenos Aires,4.173309906705931,41.68508100203948,56.929386774661026,9.152904911377178,9.496846628317972,35.18127989894229
2022,3,Capital Federal,1.3613085916095435,18.470396736829954,5.027971333849483,0.049057383982106274,4.142490817104442,10.954991537180115
2022,3,Catamarca,0.0,0.0,1.7327933615230382,0.0,0.046295654584517294,0.0
2022,3,Chaco,0.0,0.33325124100511794,1.6701010461953825,0.23100201116478394,0.06348326287337999,0.24216449737337734
2022,3,Chubut,0.012076261449646302,0.4935159887636126,0.27764874039664106,1.855421686746988,0.9605655277566013,0.4072763077298843
2022,3,Córdoba,1.6862505258617946,6.5465271097087,13.340043277152443,4.207619871059903,1.0944625407166124,7.069834006606151
2022,3,Corrientes,0.0,0.5693693000346327,0.6367696980525281,0.16168261188278857,0.4743225448749047,0.24750742762714742
2022,3,Entre Ríos,0.2237360757099576,1.4284449917266326,1.365414011474401,1.578294457079488,1.4820153856816134,1.1948318598931031
2022,3,Formosa,0.0,0.0,0.33589422905127747,0.8893859368832585,0.0,0.0
2022,3,Jujuy,0.0,0.19746026859583637,1.4925059059416752,0.0,0.06680989673574052,0.048880179064491075
2022,3,La Pampa,0.0,0.306745680532574,0.8325888869036984,1.1360637558032443,0.35345484787580567,0.02803511831728228
2022,3,La Rioja,0.0,0.2116365875245315,0.6795704047803387,0.09694942014548052,0.0,0.0
2022,3,Mendoza,0.0,0.5958132912610151,5.559883270799833,1.6931000131571528,0.11989742878924388,1.3517918852338582
2022,3,Misiones,0.0,0.7504136683726479,1.4477994163539991,0.4487340939420709,0.7929863469401899,0.5322932429105994
2022,3,Neuquén,0.0,0.5489744872436219,1.064657653901892,1.682348739732722,0.0,0.38730138133828956
2022,3,Río Negro,0.0,0.12483934274829722,1.5260556250372224,0.8762287840911227,2.3657911151153925,0.3674333135517701
2022,3,Salta,0.0,0.8748143302420441,1.892799714132571,0.37415183354322123,0.736572181024326,0.7031448869111566
2022,3,San Juan,0.0,0.0,0.3869930319814186,1.2596658083190797,0.8340148312426363,0.0
2022,3,San Luis,0.0,0.0,0.0,4.925173392477868,1.8135698939635456,0.07366374268447898
2022,3,Santa Cruz,0.0,0.0,0.32692116808607785,0.0,0.0,0.0
2022,3,Santa Fe,1.9686427286128916,5.943056143456343,8.441347547297163,2.8549893802981035,2.445907547300575,5.918371474858651
2022,3,Santiago Del Estero,0.0,0.6278139069534767,0.42042363964822427,0.11371539198917355,0.1415205488945873,0.05047542538311672
2022,3,Tierra Del Fuego,0.0,0.0,0.0,0.0,0.0,0.0
2022,3,Tucumán,0.4696873817915714,0.0,6.343239433823675,0.0,0.0,1.150241290546639
2022,2,Buenos Aires,4.328915505057111,41.243136953091934,55.44486133444504,9.152980095107418,9.581675791808165,34.765409106261345
2022,2,Capital Federal,1.4277704520467072,18.34881286797245,4.7217755543644415,0.0489822002518655,4.1430452560815025,10.871733418311367
2022,2,Catamarca,0.0,0.0,1.5685387012883887,0.0,0.04615704484025227,0.0
2022,2,Chaco,0.0,0.32530880825027897,1.5727870089135052,0.23100201116478394,0.06306743364058494,0.23772223250524274
2022,2,Chubut,0.012076261449646302,0.4478008234886674,0.27764874039664106,1.855421686746988,0.9601496985238063,0.3845841196663722
2022,2,Córdoba,1.904174723988843,6.579374302535883,12.161832727850237,4.210401669078811,1.0750571765195094,6.9764624840427665
2022,2,Corrientes,0.0,0.5482664409127641,0.6193794294562563,0.16168261188278857,0.4743225448749047,0.2486599740104607
2022,2,Entre Ríos,0.27250776861373993,1.3988455766344712,1.320469299029242,1.578294457079488,1.4818767759373483,1.1978315335927199
2022,2,Formosa,0.0,0.0,0.28959958708038036,0.887506343627239,0.0,0.0
2022,2,Jujuy,0.0,0.2208104052026013,1.2547594941734659,0.0,0.0659782382701504,0.022096832978092076
2022,2,La Pampa,0.0,0.2943548697425636,0.8104738649673436,1.1348608161193918,0.0,0.0
2022,2,La Rioja,0.0,0.19250394427983222,0.6594008695134298,0.09694942014548052,0.0,0.0
2022,2,Mendoza,0.0,0.5749721014353331,5.27754948087269,1.6434035674679999,0.0036038533508905676,1.2757619877227095
2022,2,Misiones,0.0,0.7559241159041059,1.2335179560478828,0.4487340939420709,0.7929863469401899,0.5067693018125891
2022,2,Neuquén,0.0,0.534967483741871,1.0419470748218291,1.6740033456759957,0.0,0.3781955016343642
2022,2,Río Negro,0.0,0.10606072266902682,1.5232366545570049,0.8762287840911227,2.3656525053711275,0.36137290409249373
2022,2,Salta,0.0,0.8624081271404933,1.766621007285649,0.3730992613198504,0.7331069374177005,0.6927338056738103
2022,2,San Juan,0.0,0.0,0.3869930319814186,1.259590624588839,0.8337376117541063,0.0
2022,2,San Luis,0.0,0.0,0.0,4.925173392477868,1.8135698939635456,0.07115256546520703
2022,2,Santa Cruz,0.0,0.0,0.32692116808607785,0.0,0.0,0.0
2022,2,Santa Fe,2.1772481254573672,5.973502135683226,7.421515494411689,2.855139747758585,2.4463233765333703,5.850050662427942
2022,2,Santiago Del Estero,0.0,0.6185939123407858,0.358287177654696,0.11371539198917355,0.1415205488945873,0.042934260967795485
2022,2,Tierra Del Fuego,0.0,0.0,0.0,0.0,0.0,0.0
2022,2,Tucumán,0.5850057800607348,0.0,5.806364520675759,0.0,0.0,1.0846759035753744
2022,1,Buenos Aires,4.914246524009347,41.385546619463575,49.21446012744923,9.05328646880815,9.005613694642733,33.91237976021692
2022,1,Capital Federal,0.8168728280582178,18.117912802555125,2.3713894348162707,0.05101216096836644,3.885646960981357,9.961679740944211
2022,1,Catamarca,0.0,0.0,1.0536199948385048,0.0,0.04615704484025227,0.0
2022,1,Chaco,0.0,0.3755185284950167,1.3531455343140175,0.22994943894141306,0.06306743364058494,0.24195841292073192
2022,1,Chubut,0.0,0.40816562127217454,0.26216425466023463,1.9161701407815348,2.654515212419433,0.4519279391363917
2022,1,Córdoba,2.1364942782701535,7.105852926463232,9.261191511325512,4.190553164295246,1.0828193221983506,6.803717916180873
2022,1,Corrientes,0.0,0.5994304844730057,0.32930339666090963,0.12544405390673458,0.48139164183242084,0.2301963336049323
2022,1,Entre Ríos,0.3200916325224751,1.521322199561319,0.814325134496655,1.578294457079488,1.4818767759373483,1.1869472213900396
2022,1,Formosa,0.0,0.0,0.10184027157405753,0.8849500967990527,0.0,0.0
2022,1,Jujuy,0.0,0.31502674414130144,0.9277986222778075,0.0,0.2874766096056553,0.031217978197028186
2022,1,La Pampa,0.0,0.28981413783814985,0.7606455839437795,1.1125312482378813,0.0,0.0
2022,1,La Rioja,0.0,0.29366221572324624,0.27653703372838623,0.09694942014548052,0.0,0.0
2022,1,Mendoza,0.06986979838723932,0.5232693269711779,4.790145514462113,1.6437794861192039,0.0,1.2423534081216356
2022,1,Misiones,0.0,0.7942817562627468,0.8971869850912195,0.20310884724545608,0.79326356642872,0.45101200823574533
2022,1,Neuquén,0.0,0.5087235925655135,0.8580787326543982,1.3527432663571604,0.0,0.2843965446506773
2022,1,Río Negro,0.0,0.08029399315042136,1.4077382724872451,0.8803638892543654,2.2999514865895074,0.34313061365462155
2022,1,Salta,0.0027008968815953674,0.900719590564513,1.52514243741687,0.06349266018833524,0.7331069374177005,0.6495171326783156
2022,1,San Juan,0.0,0.0,0.34593929287515135,1.1741819070353177,0.800194053641971,0.0
2022,1,San Luis,0.0,0.0,0.0,5.015017950115595,3.7175133411878853,0.05667322447749004
2022,1,Santa Cruz,0.0,0.0,0.3249756814166319,0.0,0.0,0.0
2022,1,Santa Fe,2.3892756010732885,6.22556662946858,5.716197169118377,3.0190402796834763,2.5878439254279577,5.786088154532808
2022,1,Santiago Del Estero,0.0,0.736206564820872,0.0,0.09349096855440482,0.1415205488945873,0.030851605836769665
2022,1,Tierra Del Fuego,0.0,0.0,0.0,0.0,0.0,0.0
2022,1,Tucumán,0.6788866931335706,0.34242505868318773,3.318960554265182,0.0,0.0,1.0164161532047087
2021,4,Buenos Aires,5.398993880559552,41.0413899257321,46.590157425604986,9.15598744431705,9.912537251368772,33.55923496871524
2021,4,Capital Federal,0.9451300778805737,17.93171200985108,2.279951561352312,0.043117869293084976,3.8874488876568023,9.920294929750009
2021,4,Catamarca,0.0,0.0,0.8940900879439382,0.0,0.046295654584517294,0.0
2021,4,Chaco,0.0,0.35395390002693655,1.2747702142020527,0.21799522583312972,0.06348326287337999,0.2391037616137176
2021,4,Chubut,0.025990829677341808,0.26570977796590606,0.28086474897266395,1.7243764449373156,2.34777184836094,0.36552512417542365
2021,4,Córdoba,2.3684178895531147,6.885588948320314,8.521747761697736,4.223182903219743,0.9533578210548201,6.673709157591636
2021,4,Corrientes,0.0,0.4776773001885558,0.30004168900005956,0.12574478882769768,0.469748423314159,0.17931637207403012
2021,4,Entre Ríos,0.36675634304218563,1.4351406472467003,0.828658209755226,1.497396763340413,1.5004504816688613,1.1649648797745285
2021,4,Formosa,0.0,0.0,0.10203879062196018,0.8204424562524669,0.0,0.0
2021,4,Jujuy,0.0,0.3134105514295609,0.8566096916999186,0.0,0.2896943655138956,0.011418605228057254
2021,4,La Pampa,0.0,0.27476045715165276,0.6992237905227007,1.0661428866793226,0.0,0.0
2021,4,La Rioja,0.0,0.2539962288836726,0.2725666527703333,0.11333947333796966,0.0,0.0
2021,4,Mendoza,0.21662324256104415,0.4833724554584985,4.251722152740555,1.470631355374697,0.0,1.1843597165957138
2021,4,Misiones,0.0,0.7991457267095086,0.772397911579616,0.1912298178674135,0.7902141520548894,0.44814209141372024
2021,4,Neuquén,0.0,0.5019663677992843,0.8207571516487007,1.2349303610698645,0.0,0.2675052522912584
2021,4,Río Negro,0.0,0.06688728979874553,1.1764635816806623,0.8610416705824859,2.293991267586111,0.3154923987276193
2021,4,Salta,0.03463087153417306,0.918282218032093,1.4680086554304885,0.058380166531962485,0.7328297179291704,0.6639430443634948
2021,4,San Juan,0.0,0.0,0.3371250471482739,0.47497321579610174,0.9137154341950239,0.0
2021,4,San Luis,0.0,0.0,0.0,4.921113471044866,3.7177905606764154,0.049078630759631106
2021,4,Santa Cruz,0.0,0.0,0.29579338137494293,0.0,0.0,0.0
2021,4,Santa Fe,2.6712577200046663,6.2219340439450495,5.013598554781331,2.8908520196229537,1.9860004158292328,5.75526707972606
2021,4,Santiago Del Estero,0.0,0.714411051679686,0.0,0.08649888164201266,0.1415205488945873,0.026271951333538147
2021,4,Tierra Del Fuego,0.0,0.0,0.0,0.0,0.0,0.0
2021,4,Tucumán,0.7538047647497604,0.2904913995459268,3.025787624322554,0.0,0.0,0.9634066523298038
2021,3,Buenos Aires,7.653097370160745,39.33252010620695,35.059734381513906,8.655338984643723,8.684316307436413,31.593433538718116
2021,3,Capital Federal,1.3911598655207889,17.73128872128372,1.6034383499096738,0.07168768678457982,3.80760967496015,9.930110655901935
2021,3,Catamarca,0.0,0.0,0.7841502392154527,0.0,0.04601843509598725,0.0
2021,3,Chaco,0.0,0.3618655481586947,0.9926746471323924,0.2189726143262598,0.06265160440778987,0.20953445903785275
2021,3,Chubut,0.06711233822016552,0.24080501789356218,0.2527147479800687,1.373644343364096,2.3258715087670665,0.33314696683757683
2021,3,Córdoba,2.612545029678049,6.727571478046715,6.547714053163401,3.9480104505385034,1.8403215746066948,6.368536247011298
2021,3,Corrientes,0.00398771162622981,0.4502789856466695,0.19697059932900562,0.12484258406480837,0.47155034998960427,0.1633410106152575
2021,3,Entre Ríos,0.4230933753787089,1.363797283257013,0.7108570067297957,1.3829671259139522,1.5654584517291565,1.129312269466871
2021,3,Formosa,0.0,0.0,0.08532348678855736,0.7957821927334925,0.0,0.0
2021,3,Jujuy,0.0,0.31721245238003615,0.6886625771742799,0.0,0.2865063413958001,0.0
2021,3,La Pampa,0.0,0.27292877207834687,0.6049272427689437,0.7047346954119129,0.0,0.0
2021,3,La Rioja,0.0,0.22464309077615732,0.27248724515117223,0.11333947333796966,0.0,0.0
2021,3,Mendoza,0.6639257041245241,0.4786624081271405,2.6997796438568282,1.2559818055372818,0.0,1.0954533571729792
2021,3,Misiones,0.0,0.7591411090160465,0.3330355547614794,0.15732195552882355,0.7985307367107908,0.3519388158158368
2021,3,Neuquén,0.0,0.5178666256205026,0.5508506541202628,1.0649399469954701,0.0,0.20906122807251884
2021,3,Río Negro,0.04823434169173717,0.06725670527571478,0.6409783018680643,0.7462361145048212,2.2835955367662346,0.2455152779182417
2021,3,Salta,0.06630631140209779,0.8953476738369185,1.3318642923788537,0.04650113715391989,0.6309515558943793,0.6366788345542566
2021,3,San Juan,0.0,0.0,0.16234887737478412,0.4711388455538221,0.9073393859588329,0.0
2021,3,San Luis,0.0,0.0,0.0,4.793000394714584,3.7118303416730196,0.04156036461682603
2021,3,Santa Cruz,0.0,0.0,0.14877017449824312,0.0,0.16217340079007556,0.0
2021,3,Santa Fe,2.848046268767521,6.2032016008004005,3.6063367280090524,2.882656993026709,1.9043592764571349,5.565539626414684
2021,3,Santiago Del Estero,0.0,0.6985877554161696,0.0,0.07830385504576809,0.14235220736017742,0.023195950058867643
2021,3,Tierra Del Fuego,0.0,0.0,0.0,0.0,0.0,0.0
2021,3,Tucumán,0.8479684942499885,0.21115942586677955,2.7150656105453317,0.0,0.0,0.9163354367940892
2021,2,Buenos Aires,7.900929405484518,37.92173779197291,33.81144660830206,8.152961299174859,7.713077829371405,30.68316614414081
2021,2,Capital Federal,1.4772350451976004,17.46946550198176,1.5380064717209616,0.035674679999248164,3.80760967496015,9.830503170456648
2021,2,Catamarca,0.0,0.0,0.7841502392154527,0.0,0.04601843509598725,0.0
2021,2,Chaco,0.0,0.3509216146534806,0.9927143509419729,0.2189726143262598,0.06265160440778987,0.21608336497747382
2021,2,Chubut,0.06714061986290473,0.020741139800669564,0.1389633335318524,1.3966505648177734,2.329336752373692,0.20469529077943813
2021,2,Córdoba,2.761094358165794,6.582252664793935,5.9267464713239235,3.822228069845685,1.8875874974010673,6.24711434061562
2021,2,Corrientes,0.030049245410419666,0.417324046638704,0.04565938101760864,0.10912918444448622,0.47155034998960427,0.13038276370700133
2021,2,Entre Ríos,0.4710731822857931,1.3053834609612498,0.6064756913425843,1.404469672762814,1.5657356712176866,1.1083756156295976
2021,2,Formosa,0.0,0.0,0.0408552200583646,0.7957821927334925,0.0,0.0
2021,2,Jujuy,0.0,0.3178589294647324,0.6761558771564131,0.0,0.2865063413958001,0.0
2021,2,La Pampa,0.0,0.25958363797283257,0.5777301332062812,0.6092513580061275,0.0,0.0
2021,2,La Rioja,0.0,0.21711625043290878,0.2725269489607528,0.08567186060936413,0.0,0.0
2021,2,Mendoza,0.6643357879442428,0.47230538346096124,1.6721259404839894,1.2559818055372818,0.0,0.8949560830215034
2021,2,Misiones,0.006179538938519244,0.7343902720591065,0.30949119568022554,0.0159013589459241,0.7985307367107908,0.3339865701631693
2021,2,Neuquén,0.0,0.5008735136799168,0.5176582693109404,1.0610303930229499,0.0,0.19716175912162226
2021,2,Río Negro,0.051840251140987524,0.05558933312810251,0.6410577094872253,0.7462361145048212,2.2835955367662346,0.2416912664080434
2021,2,Salta,0.0971898652733244,0.8599145726709508,1.1700315645286166,0.04650113715391989,0.6309515558943793,0.6046670495766682
2021,2,San Juan,0.0,0.0,0.1624679888035257,0.4711388455538221,0.9073393859588329,0.0
2021,2,San Luis,0.0,0.0,0.0,4.642933669153995,4.754868667267309,0.07937304529850761
2021,2,Santa Cruz,0.0,0.0,0.14877017449824312,0.0,0.16217340079007556,0.0
2021,2,Santa Fe,3.000936829415737,6.030176626774926,3.4877017449824312,2.9240080446591357,2.165361424908171,5.558028993029384
2021,2,Santiago Del Estero,0.0,0.6714203255473891,0.0,0.0,0.234943516529212,0.01275433779149978
2021,2,Tierra Del Fuego,0.0,0.0,0.0,0.0,0.0,0.0
2021,2,Tucumán,0.9319649731854674,0.1263631815907954,2.7436126496337323,0.0,0.0,0.9207548033897076
2021,1,Buenos Aires,8.274586469355073,37.12481625428099,32.51805530740675,7.044753115425822,7.757017118303417,30.13094377138365
2021,1,Capital Federal,1.630182169131294,17.00763458652403,1.4848827745022135,0.03409582166419187,3.7888973594843716,9.672642479730259
2021,1,Catamarca,0.0,0.0,0.6395092609135846,0.0,0.04601843509598725,0.0
2021,1,Chaco,0.0,0.32480086196944624,0.9070335298671908,0.21792004210288893,0.0,0.20876355052980877
2021,1,Chubut,0.013829723299477851,0.01247546850348251,0.03426438766799674,1.3997330977576452,2.330168410839282,0.15205216226479182
2021,1,Córdoba,3.0519710537386566,6.226890368261054,5.243007166537629,3.6863710693006033,2.101878162034791,6.0944668232654085
2021,1,Corrientes,0.06557098869087812,0.3498133682225728,0.030016080042880113,0.06341747645809447,0.47155034998960427,0.10843095312151159
2021,1,Entre Ríos,0.5538252689407465,1.204825489667911,0.5663748436662498,1.1826776685525253,1.423244854113244,1.065105513331565
2021,1,Formosa,0.0,0.0,0.0,0.7942033343984362,0.0,0.0
2021,1,Jujuy,0.0,0.21817831992919537,0.5852738570265817,0.0,0.2741700741562132,0.0
2021,1,La Pampa,0.0,0.28570439065686687,0.524010878843825,0.5460970246038758,0.0,0.0
2021,1,La Rioja,0.0,0.0,0.0,0.0,0.0,0.0
2021,1,Mendoza,0.6691578080312794,0.44861661600030783,1.430845889663113,0.9944176080296224,0.0,0.8129192053536161
2021,1,Misiones,0.05329675574205728,0.6493939277330973,0.17799217834951264,0.0,0.6923556726037841,0.28216777945910465
2021,1,Neuquén,0.0,0.46650248201023586,0.46016715303833405,0.9508110444899723,0.0,0.15888348023211216
2021,1,Río Negro,0.06015505410631777,0.03143879632123754,0.6053639846743295,0.6682705862451366,2.2837341465104997,0.21943414552233823
2021,1,Salta,0.1448727149316468,0.7548004771616578,1.1481150616401643,0.04236603199067722,0.6308129461501144,0.5736398903172747
2021,1,San Juan,0.0,0.0,0.16238858118436464,0.4794090558803075,0.9081710444244231,0.0
2021,1,San Luis,0.0,0.0,0.0,4.414826231603481,4.754868667267309,0.0514066217987738
2021,1,Santa Cruz,0.0,0.0,0.13475472971631627,0.0,0.0,0.0
2021,1,Santa Fe,3.2875854193990857,5.869557855851002,2.7155420562602983,2.558840666879687,2.164806985931111,5.447560093653935
2021,1,Santiago Del Estero,0.0,0.5494978258359949,0.0,0.0039471458376407345,0.234943516529212,0.0
2021,1,Tierra Del Fuego,0.0,0.0,0.0,0.0,0.0,0.0
2021,1,Tucumán,1.4519229749459996,0.0,2.6749647628689974,0.0,0.0,0.9120610925910732
2020,4,Buenos Aires,8.359035454574379,36.9584561511525,31.85873384551248,6.641617953874782,7.765749532192113,29.926836202932122
2020,4,Capital Federal,1.676210542689372,16.96815330742294,1.4813094316399658,0.0,3.7890359692286366,9.671550995406989
2020,4,Catamarca,0.0,0.0,0.6064756913425843,0.0,0.04601843509598725,0.0
2020,4,Chaco,0.0,0.3240158540808866,0.8379886050066504,0.2173937559912035,0.0,0.20358090818365177
2020,4,Chubut,0.01668616921613892,0.0,0.018224048597462926,1.372666954870966,2.330168410839282,0.13857271251028036
2020,4,Córdoba,3.151607281108923,6.144187478354562,4.8851170269787385,3.587880382685187,2.1671633515836164,6.032030866871351
2020,4,Corrientes,0.07889164242105003,0.32855658598530035,0.022432652412999028,0.039133131590323854,0.469748423314159,0.10105770937130884
2020,4,Entre Ríos,0.5820362075731169,1.131650440604918,0.5190081988366784,1.1353119185008365,1.423244854113244,1.030132218441887
2020,4,Formosa,0.0,0.0,0.0,0.7695430708794617,0.0,0.0
2020,4,Jujuy,0.0,0.19495132181475353,0.5184523455025509,0.0,0.21747868875181925,0.0
2020,4,La Pampa,0.0,0.2893061915573171,0.5102336569193814,0.53293987181174,0.0,0.0
2020,4,La Rioja,0.0,0.0,0.0,0.0,0.0,0.0
2020,4,Mendoza,0.6691295263885403,0.4342863739562089,1.3301570285668909,0.9943424242993816,0.0,0.7864335368099271
2020,4,Misiones,0.0698415167445001,0.6111594258667795,0.15913286879876123,0.0,0.6923556726037841,0.2651772612521157
2020,4,Neuquén,0.0,0.4689190749220764,0.4427371806324817,0.9460744694848034,0.0,0.15812020448157357
2020,4,Río Negro,0.06318118987941415,0.028822103359371992,0.6052845770551685,0.6682705862451366,2.2837341465104997,0.21975472133756443
2020,4,Salta,0.1716130081415779,0.7337130103513295,1.1126198558751712,0.05657575700618386,0.6308129461501144,0.5722354629362837
2020,4,San Juan,0.0,0.0,0.15952990689456653,0.40317275341616077,0.9081710444244231,0.0
2020,4,San Luis,0.0,0.0,0.0,4.3541529612991745,4.754868667267309,0.05355142665778723
2020,4,Santa Cruz,0.0,0.0,0.0,0.0,0.14817381661930834,0.0
2020,4,Santa Fe,3.432656105829907,5.765906029938046,2.3866356976951937,2.526662030336635,2.147203548409453,5.406999620270314
2020,4,Santiago Del Estero,0.0,0.46750298226036097,0.0,0.004774166870289269,0.234943516529212,0.0
2020,4,Tierra Del Fuego,0.0,0.0,0.0,0.0,0.0,0.0
2020,4,Tucumán,1.4819439387136801,0.0,2.599090782760606,0.0,0.0,0.9057793331641405
2020,3,Buenos Aires,8.617515528389466,36.0858506176165,29.63913207472257,6.695599872187659,7.435026682375771,29.19421360653517
2020,3,Capital Federal,1.7796506510080639,16.76874591141725,1.4625295297083756,0.0,3.808025504192945,9.619228442707568
2020,3,Catamarca,0.0,0.0,0.5668115855716356,0.0,0.04532538637466214,0.0
2020,3,Chaco,0.01728008371366251,0.28745911417247083,0.7184007305500962,0.12033156025036182,0.014138193915032227,0.1643714328784846
2020,3,Chubut,0.017506336855576256,0.0,0.012546403827447244,1.3616149465255718,2.337791946773858,0.1343975941548343
2020,3,Córdoba,3.2783656038661007,6.012567822372725,3.9559287713656124,3.252636129541567,1.0887795412017465,5.763136452714114
2020,3,Corrientes,0.08958210337647463,0.2852426213106553,0.015047743831020586,0.030637370073116177,0.4820846905537459,0.08374661534909371
2020,3,Entre Ríos,0.6132732819785838,1.0282141070535267,0.4515514263593592,1.1483187038324907,1.4441749254972625,0.9852058077651858
2020,3,Formosa,0.0,0.0,0.0,0.745634644662895,0.0,0.0
2020,3,Jujuy,0.0,0.26986570208181015,0.33871319953149504,0.0,0.3423660683346039,0.0
2020,3,La Pampa,0.0,0.2569823373225074,0.4802572806860818,0.5103095690092664,0.0,0.0
2020,3,La Rioja,0.0,0.0,0.0,0.0,0.0,0.0
2020,3,Mendoza,0.6700628205989345,0.37745795974910534,1.2004843864768824,0.9335939702648347,0.0,0.7279284505311445
2020,3,Misiones,0.08020673880842369,0.58243737253242,0.0,0.0,0.9819114283734146,0.23483705016820688
2020,3,Neuquén,0.0,0.46633316658329166,0.3359736366704385,0.8782587448076237,0.0,0.1283524502105687
2020,3,Río Negro,0.07080309259763354,0.0,0.3096897147281282,0.6075973159408304,2.2824866588121147,0.14538876496258996
2020,3,Salta,0.1936302670140595,0.6769307730788471,0.9077879022492208,0.04950848636355093,0.7473837410769977,0.5222866978210385
2020,3,San Juan,0.0,0.0,0.11625275445178965,0.670450914422119,0.9119135075195787,0.0
2020,3,San Luis,0.0,0.0,0.0,4.2646091385824105,4.76152193499203,0.031645412617329796
2020,3,Santa Cruz,0.0,0.0,0.0,0.13777418566622182,0.0654237992930903,0.0
2020,3,Santa Fe,3.542671696085467,5.628314157078539,1.7128223453040319,2.406368061951394,2.41264120867697,5.271022045311865
2020,3,Santiago Del Estero,0.0,0.4705506599453573,0.0,0.0,0.23729988218171738,0.0
2020,3,Tierra Del Fuego,0.0,0.0,0.0,0.0,0.0,0.0
2020,3,Tucumán,1.4859457911612797,0.0,2.277728148015802,0.0,0.0,0.8507242532777923
2020,2,Buenos Aires,8.721337438885138,33.92661715473121,28.6062374684851,6.513204142623536,7.663455540924527,27.975025617442377
2020,2,Capital Federal,1.9001445898985043,16.40795012891061,1.46511027733111,0.0,3.80788689444868,9.505851462722566
2020,2,Catamarca,0.0,0.0,0.4882377464117682,0.0,0.04532538637466214,0.0
2020,2,Chaco,0.032424903400514016,0.24423750336706815,0.5830504436900721,0.10123489276920475,0.0,0.11993351868212809
2020,2,Chubut,0.017506336855576256,0.0,0.0,0.9452474484521549,0.5146579804560261,0.0
2020,2,Córdoba,3.3702526611258214,5.769923423250087,3.3048259980545134,2.963479503035543,0.8818351930140689,5.52649043901713
2020,2,Corrientes,0.09509702371062223,0.2368338015161427,0.02235324479383797,0.0,0.43107630466421787,0.04920838763722267
2020,2,Entre Ríos,0.634470373211628,0.9123561780890446,0.4515514263593592,1.1229817867413492,1.3032088155797352,0.9288607918604274
2020,2,Formosa,0.0,0.0,0.0,0.7230795255906621,0.0,0.0
2020,2,Jujuy,0.0,0.0,0.09830663252139042,0.0,2.0462956545845175,0.0
2020,2,La Pampa,0.0,0.21968676646015314,0.4625890854227463,0.46677818919985714,0.0,0.0
2020,2,La Rioja,0.0,0.0,0.0,0.0,0.0,0.0
2020,2,Mendoza,0.6700062573134561,0.3508138684726979,1.0732733805808667,0.813375185609834,0.0,0.6775217199655763
2020,2,Misiones,0.08864880916608041,0.5286874206333936,0.0,0.0,1.0051978654099383,0.21311422230787871
2020,2,Neuquén,0.0,0.4285296494401047,0.33573541381295535,0.800669135199143,0.0,0.1049733139715718
2020,2,Río Negro,0.07399891822716523,0.0,0.3097294185377087,0.46805631261395036,2.2823480490678496,0.13026827234442054
2020,2,Salta,0.211815363295377,0.6401739331204064,0.861890298374129,0.0013157152792135781,0.7217409383879687,0.49874727367442856
2020,2,San Juan,0.0,0.0,0.11625275445178965,0.14386406781572467,0.9676346247141174,0.0
2020,2,San Luis,0.0,0.0,0.0,4.197470067477398,4.76152193499203,0.01170101725575653
2020,2,Santa Cruz,0.0,0.0,0.0,0.11123432889122793,0.0647307505717652,0.0
2020,2,Santa Fe,3.6122869596880536,5.256928464232116,1.751612967264209,1.9082758491062535,2.3831173331485203,5.079699345681862
2020,2,Santiago Del Estero,0.0,0.4913918497710394,0.0,0.0,0.2996742671009772,0.0
2020,2,Tierra Del Fuego,0.0,0.0,0.0,0.0,0.0,0.0
2020,2,Tucumán,1.4927192445973225,0.0,2.0859984515514265,0.0,0.0,0.7994321228415993
2020,1,Buenos Aires,8.890532366572513,33.40438680878901,28.51158358644512,6.040072928218334,2.277773927507104,27.444587134605587
2020,1,Capital Federal,1.979304907925577,16.27714626544041,1.4419232525360808,0.0,3.694642733384157,9.472824520996761
2020,1,Catamarca,0.0,0.0,0.37619359577551464,0.0,0.045186776630397114,0.0
2020,1,Chaco,0.025920125570493762,0.21540770385192595,0.3723026224366228,0.08522075822791948,0.0,0.059978208477322124
2020,1,Chubut,0.017534618498315474,0.0,0.0,0.8856267503712196,0.4959456649802481,0.0
2020,1,Córdoba,3.4170587798592282,5.632962635163736,2.617711869453874,2.745070766686089,0.9414373830480283,5.3328550138629955
2020,1,Corrientes,0.09337184350352991,0.20135452341555393,0.0,0.0,0.43010603645436274,0.011838406890853475
2020,1,Entre Ríos,0.6482859556897362,0.8509562473544464,0.42340142536676395,1.0248670187771367,1.6856331000069305,0.9115573305957176
2020,1,Formosa,0.0,0.0,0.0,0.7070653910493769,0.0,0.0
2020,1,Jujuy,0.0,0.0,0.01973279336152304,0.0,2.0431076304664217,0.0
2020,1,La Pampa,0.0,0.20942009466271597,0.4462708196851488,0.4653496983252824,0.0,0.0
2020,1,La Rioja,0.0,0.0,0.0,0.0,0.0,0.0
2020,1,Mendoza,0.6707274392033061,0.1554854350252049,1.0115736604927243,0.5533146627069903,0.0,0.5421776638800742
2020,1,Misiones,0.09806659619824018,0.4510332089121484,0.0,0.0,1.2559428927853629,0.16130306436131947
2020,1,Neuquén,0.0,0.3971447262092585,0.3354971909554722,0.7221773208277729,0.0,0.07104570686013163
2020,1,Río Negro,0.04571727548794672,0.0,0.3096897147281282,0.45986128601770576,2.2816550003465244,0.1051870311817226
2020,1,Salta,0.22488148224089596,0.5455573940816563,0.8117046830643401,0.0,0.7361563517915309,0.4424098905271755
2020,1,San Juan,0.0,0.0,0.11621305064220912,0.14860064282089355,0.44355118164806984,0.0
2020,1,San Luis,0.0,0.0,0.0,3.999436122023194,4.772610714533232,0.0
2020,1,Santa Cruz,0.0,0.0,0.0,0.12867695430708795,0.0647307505717652,0.0
2020,1,Santa Fe,3.6461118044041587,5.287620733443645,1.2920413713695829,1.908351032836494,2.4349573775036384,5.027689736040164
2020,1,Santiago Del Estero,0.0,0.46599453572940314,0.0,0.0,0.3820084551944002,0.0
2020,1,Tierra Del Fuego,0.0,0.0,0.0,0.0,0.0,0.0
2020,1,Tucumán,1.3951475771470185,0.0,1.6717686061977646,0.0,0.0,0.6689959298320602
2019,4,Buenos Aires,9.551955145314615,33.11690460614923,26.467075615905348,6.165479390259947,2.268348464897082,27.278215919260692
2019,4,Capital Federal,2.1552732890489943,16.208004002001,1.3083596371071804,0.0,3.6974149282694575,9.508019165854096
2019,4,Catamarca,0.0,0.0,0.27494888134516504,0.0,0.045186776630397114,0.0
2019,4,Chaco,0.058514718827443093,0.20706507099703697,0.2481488098783078,0.009285190684735822,0.0,0.041858042159536084
2019,4,Chubut,0.03566315149415454,0.0,0.0,0.7639794748416443,0.49733176242289834,0.0
2019,4,Córdoba,3.5684221317995255,5.693439027205911,2.015127151450182,2.4543352818450086,0.9414373830480283,5.299186920506739
2019,4,Corrientes,0.11315485259961325,0.18002077962057952,0.0,0.0,0.43010603645436274,0.010800351870120998
2019,4,Entre Ríos,0.6852359219285252,0.9090160464847808,0.4087110158219681,1.0116346822547602,1.8720632060433848,0.9663910605144097
2019,4,Formosa,0.0,0.0,0.0,0.7086442493844332,0.0,0.0
2019,4,Jujuy,0.0,0.0,0.0,0.0,2.0431076304664217,0.0
2019,4,La Pampa,0.0,0.25712086812637086,0.09374069441962957,0.4688081499163581,0.0,0.0
2019,4,La Rioja,0.0,0.0,0.0,0.0,0.0,0.0
2019,4,Mendoza,0.7375145385319706,0.1471735867933967,0.8896829650804995,0.6440614251076067,0.0,0.5599467233526124
2019,4,Misiones,0.12151207802905231,0.4544810866971947,0.0,0.0,1.3628110056136946,0.1785607290809969
2019,4,Neuquén,0.0,0.32047562242659794,0.3163599547376571,0.6872168862658121,0.0,0.03072948171668349
2019,4,Río Negro,0.07387165083483874,0.0,0.2809838604014055,0.4760257880194726,2.2820708295793195,0.11236182323678531
2019,4,Salta,0.2651262598588039,0.552776388194097,0.7656482639509261,0.0,0.8739344375909627,0.4581639020182919
2019,4,San Juan,0.0,0.0,0.09330395251424374,0.16055485592917693,0.44396701088086493,0.0
2019,4,San Luis,0.0,0.0,0.0,3.7712535007424393,4.772610714533232,0.0
2019,4,Santa Cruz,0.0,0.0,0.0,0.12739883089299475,0.06514657980456026,0.0
2019,4,Santa Fe,3.783362616617586,5.2657790433678375,0.9879498937923094,1.6444561396913708,2.564280268902904,5.0128134916621665
2019,4,Santiago Del Estero,0.0,0.4785392696348174,0.0,0.0,0.3820084551944002,0.0
2019,4,Tierra Del Fuego,0.0,0.0,0.0,0.0,0.0,0.0
2019,4,Tucumán,1.4488968391729034,0.0,1.4687630278125186,0.0,0.0,0.6581345159018962
2019,3,Buenos Aires,17.43175816367294,32.39783738022857,16.78696920969567,6.049771629419394,3.4886686534063345,29.369431187828805
2019,3,Capital Federal,3.616727177598111,16.02067957055451,0.8861493260278324,0.0,4.054889458728948,10.142347111096694
2019,3,Catamarca,0.0,0.0,0.0,0.0,0.04851341049275764,0.0
2019,3,Chaco,0.08333186033110733,0.1386308538884827,0.21765628412046137,0.008909272033531944,0.0,0.015509763250944077
2019,3,Chubut,0.0,0.0,0.0,0.7551077946732327,0.7831450550973733,0.0
2019,3,Córdoba,3.7226702112992234,5.527094316388964,1.0911797987016854,2.4187733774411218,0.9425462610021484,5.118786696866944
2019,3,Corrientes,0.12473618530132323,0.1551621964828568,0.0,0.0,0.4072354286506341,0.002595137551831194
2019,3,Entre Ríos,0.713036776741177,0.8643629507061223,0.409227165346515,1.009303986617296,1.8755284496500104,0.9593078615494116
2019,3,Formosa,0.0,0.0,0.0,0.6906753378568877,0.0,0.0
2019,3,Jujuy,0.0,0.0,0.0,0.0,2.0426918012336266,0.0
2019,3,La Pampa,0.0,0.1968907530688421,0.09580529251781708,0.477905381275492,0.008455194400166332,0.0
2019,3,La Rioja,0.0,0.0,0.0,0.0,0.0,0.0
2019,3,Mendoza,1.4722998985396067,0.21799361219071073,0.1700911202429873,0.5916583651297859,0.0,0.8542429544877752
2019,3,Misiones,0.14098398905500426,0.39592873359756803,0.0,0.0,1.4372444382840113,0.1638295070956022
2019,3,Neuquén,0.0,0.31299495901797053,0.11827764874039665,0.6320320282690826,0.08552221221151847,0.099241113085027
2019,3,Río Negro,0.3246025545393804,0.0,0.2841998689774284,0.428584854237543,2.34888072631506,0.2433017782416798
2019,3,Salta,0.3008601154598065,0.5261015122946089,0.0,0.0,1.0386028137778085,0.30085276983228926
2019,3,San Juan,0.10106445032859733,0.0,0.0,0.16055485592917693,0.5037078106590893,0.0
2019,3,San Luis,0.0,0.0,0.0,4.299043287032686,4.79104581052048,0.07847237991287208
2019,3,Santa Cruz,0.0,0.0,0.0,0.10815179595135613,0.11601635594982328,0.0
2019,3,Santa Fe,3.8869299923286045,5.187539923808058,0.6395886685327458,1.440783414469109,2.703860281377781,4.949957733605314
2019,3,Santiago Del Estero,0.0,0.4779081848616616,0.0,0.0,4.5046780788689444,0.1580973062090574
2019,3,Tierra Del Fuego,0.0,0.0,0.0,0.0,0.0,0.0
2019,3,Tucumán,1.5045126896195766,0.0,0.0,0.0,0.0,0.3947051561185138
2019,2,Buenos Aires,17.536527509200372,31.396475160657253,15.102932126337523,5.272973328571697,4.300783145055098,28.571540882003294
2019,2,Capital Federal,3.7531719629934703,15.718759379689844,1.3301173247573104,0.0,0.32989119135075196,9.947017213776364
2019,2,Catamarca,0.0,0.0,0.0,0.0,0.04851341049275764,0.0
2019,2,Chaco,0.08826700698910096,0.11234078577750414,0.06439957913961844,0.0,0.0,0.0
2019,2,Chubut,0.0,0.0,0.0,0.7020280811232449,0.7823133966317832,0.0
2019,2,Córdoba,3.821486271030053,5.358132912610151,0.8116252754451789,2.1608931827152604,1.8483609397740661,5.058297093636761
2019,2,Corrientes,0.13167932859380138,0.11207911648131758,0.0,0.0,0.5872894864508975,0.0
2019,2,Entre Ríos,0.7432132895439232,0.783953515219148,0.40430389295852937,0.9220156758077552,2.166193083373761,0.9419204399521426
2019,2,Formosa,0.0,0.0,0.0,0.6906753378568877,0.0,0.0
2019,2,Jujuy,0.0,0.0,0.0,0.0,2.7660960565527755,0.0
2019,2,La Pampa,0.0,0.18396121137491822,0.08969090584241558,0.42730673082344983,0.15288654792431908,0.0
2019,2,La Rioja,0.0,0.0,0.0,0.0,0.0,0.0
2019,2,Mendoza,1.4727665456448038,0.21360680340170085,0.1700911202429873,0.5745916583651298,0.0,0.8505792308851899
2019,2,Misiones,0.1534279118602604,0.3713010351329511,0.0,0.0,1.4371058285397464,0.1561585858026894
2019,2,Neuquén,0.0,0.29047600723438644,0.09536855061243127,0.577899742495724,0.11587774620555825,0.08040346756173469
2019,2,Río Negro,0.3297356726965486,0.0,0.05780874674925059,0.40445087683025394,2.4611546191697276,0.19942868810072187
2019,2,Salta,0.3436785225669833,0.3416092661715473,0.0,0.0,1.0481668861320952,0.23012000602987842
2019,2,San Juan,0.10120585854229343,0.0,0.0,0.0,0.6895834777184836,0.0
2019,2,San Luis,0.0,0.0,0.0,3.9198165516982124,5.054681544112551,0.037904273771746204
2019,2,Santa Cruz,0.0,0.0,0.0,0.10589628404413284,0.11560052671702821,0.0
2019,2,Santa Fe,3.9721143002591304,4.848431908261823,0.6215631389831854,1.2686878559479728,2.8840529489223092,4.816766115136331
2019,2,Santiago Del Estero,0.0,0.37916650633008814,0.0,0.0,4.532400027721949,0.10941557883970637
2019,2,Tierra Del Fuego,0.0,0.0,0.0,0.0,0.0,0.0
2019,2,Tucumán,1.5356649190968257,0.0,0.0,0.0,0.0,0.4114972226303627
2019,1,Buenos Aires,17.817208672565744,30.485712086812637,13.252377265598634,4.493092494784129,2.5365583200498993,27.73933369843357
2019,1,Capital Federal,4.012076261449646,15.248616616000309,1.1792031445417188,0.0,0.32989119135075196,9.824740438540083
2019,1,Catamarca,0.0,0.0,0.0,0.0,0.04851341049275764,0.0
2019,1,Chaco,0.12565533869034784,0.05241851695078308,0.0,0.0,0.0,0.0
2019,1,Chubut,0.0,0.0,0.0,0.7020280811232449,0.15856954743918497,0.0
2019,1,Córdoba,3.94173981595721,4.984176703736484,0.6877096857443472,1.4667969851324174,1.4506895834777185,4.8215823851222295
2019,1,Corrientes,0.16005995708260715,0.05070997036980029,0.0,0.0,0.0,0.0
2019,1,Entre Ríos,0.7986170276700522,0.7712086812637088,0.40267603676572766,0.8364565907937522,1.4332247557003257,0.9161446178564545
2019,1,Formosa,0.0,0.0,0.0,0.6507527770990358,0.0,0.0
2019,1,Jujuy,0.0,0.0,0.0,0.0,5.782937140480976,0.0
2019,1,La Pampa,0.0,0.265109477815831,0.012308180969964068,0.29453226321823955,0.0,0.0
2019,1,La Rioja,0.0,0.0,0.0,0.0,0.0,0.0
2019,1,Mendoza,1.470659563260732,0.0008542732904913995,0.12232743731761063,0.39527846174087927,0.0,0.7165556418481196
2019,1,Misiones,0.14671102170969602,0.2934467233616808,0.0,0.0,0.806154272645367,0.07862503506297978
2019,1,Neuquén,0.0,0.23834224804710047,0.02116213050642209,0.5566979305678251,0.06528518954882528,0.014944939195545523
2019,1,Río Negro,0.3373151529506591,0.0,0.05610148293728783,0.3481382628799128,0.4097304040474045,0.06616837481419006
2019,1,Salta,0.4228529814154255,0.2737291722784469,0.0,0.0,0.0,0.18014070988461178
2019,1,San Juan,0.10092304211490125,0.0,0.0,0.0,0.0,0.0
2019,1,San Luis,0.0,0.0,0.0,3.6081799898501963,3.0587012266962366,0.0
2019,1,Santa Cruz,0.0,0.0,0.0,0.10589628404413284,0.11560052671702821,0.0
2019,1,Santa Fe,4.178824827040079,4.620687266710278,0.5177376769301014,1.3615397627953312,2.2120729087254833,4.767870670556829
2019,1,Santiago Del Estero,0.0,0.3293569861854004,0.0,0.0,0.0,0.0
2019,1,Tierra Del Fuego,0.0,0.0,0.0,0.0,0.0,0.0
2019,1,Tucumán,1.6218390845232245,0.0,0.0,0.0,0.0,0.45478259044340597
2018,4,Buenos Aires,17.83232521060986,29.391426482472006,11.653901891886527,4.538954570231002,2.482916349019336,26.899264774633295
2018,4,Capital Federal,4.012175247199234,15.07431408011698,1.2094177436325015,0.0,0.3265645574883914,9.7439858641331
2018,4,Catamarca,0.0,0.0,0.0,0.0,0.04310763046642179,0.0
2018,4,Chaco,0.12565533869034784,0.05241851695078308,0.0,0.0,0.0,0.0
2018,4,Chubut,0.0,0.0,0.0,0.7020280811232449,0.15884676692771502,0.0
2018,4,Córdoba,4.020673880842368,4.857297879709085,0.5992893018085085,1.2589891547469128,1.5721117194538776,4.769862820265734
2018,4,Corrientes,0.16005995708260715,0.034917458729364685,0.0,0.0,0.0,0.0
2018,4,Entre Ríos,0.8010068264815162,0.7087928579674453,0.09020705536696245,0.7793921395410033,1.726384364820847,0.8367639398004415
2018,4,Formosa,0.0,0.0,0.0,0.6507527770990358,0.0,0.0
2018,4,Jujuy,0.0,0.0,0.0,0.0,5.780996604061266,0.0
2018,4,La Pampa,0.0,0.23377073151960595,0.004129196196375042,0.20047741668702893,0.0,0.0
2018,4,La Rioja,0.0,0.0,0.0,0.0,0.0,0.0
2018,4,Mendoza,1.470659563260732,0.0008542732904913995,0.12244654874635222,0.39527846174087927,0.0,0.7166014383931519
2018,4,Misiones,0.1552237961742008,0.20815792511640435,0.0,0.0,0.5971307782937141,0.02941664742575712
2018,4,Neuquén,0.0,0.23834224804710047,0.02120183431600262,0.5503073134973592,0.07526509113590685,0.014853346105480893
2018,4,Río Negro,0.3373151529506591,0.0,0.0,0.22040110520083453,0.406265160440779,0.03372152265879475
2018,4,Salta,0.4210005338160067,0.267664601531535,0.0,0.0,0.0,0.16913427356184538
2018,4,San Juan,0.10092304211490125,0.0,0.0,0.0,0.0,0.0
2018,4,San Luis,0.0,0.0,0.0,3.6081799898501963,3.058146787719177,0.0
2018,4,Santa Cruz,0.0,0.0,0.0,0.09567129673138733,0.11546191697276319,0.0
2018,4,Santa Fe,4.114922455270815,4.350367491438027,0.46874317590772835,1.0224611394094318,3.7557696306050317,4.6404952133069495
2018,4,Santiago Del Estero,0.0,0.3246777234771232,0.0,0.0,0.0,0.0
2018,4,Tierra Del Fuego,0.0,0.0,0.0,0.0,0.0,0.0
2018,4,Tucumán,1.6218390845232245,0.0,0.0,0.0,0.0,0.45479785595841676
2018,3,Buenos Aires,19.674591418642553,29.077977450263592,6.10648561729498,4.301449166400391,3.402453392473491,26.69830190227399
2018,3,Capital Federal,4.09843425755385,14.916727594566513,1.3147122466400651,0.0,1.028207082957932,9.770471532676789
2018,3,Catamarca,0.0,0.0,0.0,0.0,0.043384849954951836,0.0
2018,3,Chaco,0.13298028415980542,0.03400931234848193,0.0,0.0,0.0,0.0
2018,3,Chubut,0.20311875815306732,0.0,0.0,0.6549630659925192,0.6690692355672604,0.0
2018,3,Córdoba,4.1446323209683635,4.652349251548851,0.5242491017013082,1.0606544743717459,1.2388938942407652,4.682231131346399
2018,3,Corrientes,0.16857273154711191,0.017708854427213608,0.0,0.0,0.0,0.0
2018,3,Entre Ríos,0.8314095924261761,0.6705583561011275,0.0,0.7508975057797492,0.0,0.7036562816640175
2018,3,Formosa,0.0,0.0,0.0,0.6405277897862902,0.0,0.0
2018,3,Jujuy,0.0,0.0,0.0,0.0,0.0,0.0
2018,3,La Pampa,0.0,0.22202639781429176,0.2325055089035793,0.14326259797379848,0.0,0.0
2018,3,La Rioja,0.0,0.0,0.0,0.0,0.0,0.0
2018,3,Mendoza,1.5061388840770815,0.0008542732904913995,0.12558314970321402,0.23228013457887714,0.0,0.7221351875845566
2018,3,Misiones,0.1663950450561921,0.16382806788009388,0.0,0.0,0.0,0.0
2018,3,Neuquén,0.029398767627417638,0.21517681917882017,0.0,0.5391801214217243,0.1124125025989327,0.032813224515653834
2018,3,Río Negro,0.3403271479023859,0.0,0.0,0.0,0.4468778155104304,0.008189948803279033
2018,3,Salta,0.453595127072956,0.21288336475930272,0.0,0.0,0.0,0.15619674959021634
2018,3,San Juan,0.13436608465402713,0.0,0.0,0.0,0.0,0.0
2018,3,San Luis,0.0,0.0,0.0,3.5902862620528917,0.057245824381454015,0.0
2018,3,Santa Cruz,0.0,0.0,0.0,0.0851455744976787,0.29038741423522074,0.0
2018,3,Santa Fe,4.165928397950995,4.197737330203563,0.3640045262342922,0.8444260661992745,1.8186984545013514,4.447462775995741
2018,3,Santiago Del Estero,0.0,0.286904990957017,0.0,0.0,0.0,0.0
2018,3,Tierra Del Fuego,0.0,0.0,0.0,0.0,0.02023702266269319,0.0
2018,3,Tucumán,1.6500358823342254,0.0,0.0,0.0,0.0,0.44840160516890337
2018,2,Buenos Aires,19.877469782832335,27.209273867703082,5.600023822285748,4.973441347292446,3.5823688405294893,25.861919600348816
2018,2,Capital Federal,4.212663812577554,14.434394120136991,1.3113771266353007,0.0,1.028484302446462,9.592597751771276
2018,2,Catamarca,0.0,0.0,0.0,0.0,0.043384849954951836,0.0
2018,2,Chaco,0.13590743418331455,0.00924308308000154,0.0,0.0,0.0,0.0
2018,2,Chubut,0.20379751757880857,0.0,0.0,0.6739845497434355,0.6692078453115254,0.0
2018,2,Córdoba,4.250985438489194,4.425081771655059,0.4467075615905346,0.8457793733436084,1.1377087809272992,4.5846463266400415
2018,2,Corrientes,0.16994439121996402,0.0,0.0,0.0,0.0,0.0
2018,2,Entre Ríos,0.8525218387310027,0.6191788201793205,0.0,0.5418867357103923,0.0,0.6683700437166186
2018,2,Formosa,0.0,0.0,0.0,0.6405277897862902,0.0,0.0
2018,2,Jujuy,0.0,0.0,0.0,0.0,0.0,0.0
2018,2,La Pampa,0.0,0.2068341863239312,0.2318305441407103,0.14326259797379848,0.0,0.0
2018,2,La Rioja,0.0,0.0,0.0,0.0,0.0,0.0
2018,2,Mendoza,1.5330771487861872,0.0,0.019971016219006214,0.08273969512997387,0.0,0.6757509202243267
2018,2,Misiones,0.18018234589156112,0.11965213375918729,0.0,0.0,0.0,0.0
2018,2,Neuquén,0.029837133089875525,0.19556701427636897,0.0,0.567148469071293,0.11255111234319773,0.026172725485968128
2018,2,Río Negro,0.3414159911478458,0.0,0.0,0.0,0.4468778155104304,0.0
2018,2,Salta,0.4788506340390782,0.20515642436602916,0.0,0.0,0.0,0.1659972102271318
2018,2,San Juan,0.13514382982935563,0.0,0.0,0.0,0.0,0.0
2018,2,San Luis,0.0,0.0,0.0,0.0,0.057245824381454015,0.0
2018,2,Santa Cruz,0.0,0.0,0.0,0.12243670469710355,0.29052602397948574,0.0
2018,2,Santa Fe,4.14907253887842,4.0666410128141,0.34832152144998313,0.8041275867902186,1.8314505509737335,4.366952449828931
2018,2,Santiago Del Estero,0.0,0.24297533382075653,0.0,0.0,0.0,0.0
2018,2,Tierra Del Fuego,0.0,0.0,0.0,0.0,0.02023702266269319,0.0
2018,2,Tucumán,1.6373939880297947,0.0,0.0,0.0,0.0,0.43917360134489186
2018,1,Buenos Aires,19.90374342893707,26.99402778312233,5.2149762769737755,4.45640283442663,4.060295238755285,25.669169575065307
2018,1,Capital Federal,4.319624985417278,14.289198445376535,1.308399340916761,0.0,1.0384642040335434,9.572630458137187
2018,1,Catamarca,0.0,0.0,0.0,0.0,0.043384849954951836,0.0
2018,1,Chaco,0.14644234610367343,0.00011544233655289183,0.0,0.0,0.0,0.0
2018,1,Chubut,0.16759701487260886,0.0,0.0,0.6739845497434355,0.6692078453115254,0.0
2018,1,Córdoba,4.310391029062923,4.413660676492092,0.4207412701248685,0.6113565024528692,1.2993277427403147,4.5911570687921355
2018,1,Corrientes,0.17554415648232927,0.0,0.0,0.0,0.0,0.0
2018,1,Entre Ríos,0.8834478150663382,0.5479893793050371,0.047962201973279335,0.4263293423303197,0.0,0.6485935690201639
2018,1,Formosa,0.0,0.0,0.0,0.0,0.0,0.0
2018,1,Jujuy,0.0,0.0,0.0,0.0,0.0,0.0
2018,1,La Pampa,0.0,0.1730018855581637,0.2304806146149723,0.40978892167734904,0.0034652436066255456,0.0
2018,1,La Rioja,0.0,0.0,0.0,0.0,0.0,0.0
2018,1,Mendoza,1.5329781630366,0.0,0.020050423838167273,0.08273969512997387,0.0,0.6757127564367998
2018,1,Misiones,0.16669200230495387,0.10359795282256513,0.0,0.0,0.0,0.0
2018,1,Neuquén,0.030982539620813876,0.22969176896140378,0.0,0.5487284551623028,0.11255111234319773,0.041858042159536084
2018,1,Río Negro,0.34285835492754596,0.0,0.0,0.0,0.44729364474322547,0.0
2018,1,Salta,0.5007689071619725,0.1752337707315196,0.0,0.0,0.0,0.1584865768418321
2018,1,San Juan,0.13514382982935563,0.0,0.0,0.0,0.0,0.0
2018,1,San Luis,0.0,0.0,0.0,0.0,0.057245824381454015,0.0
2018,1,Santa Cruz,0.0,0.0,0.0,0.12243670469710355,0.12225379444174926,0.0
2018,1,Santa Fe,4.206526696103143,4.006180013083465,0.32132293093522324,0.490987350337387,1.8569547439184975,4.332406589359555
2018,1,Santiago Del Estero,0.0,0.22233424404509947,0.0,0.0,0.0,0.0
2018,1,Tierra Del Fuego,0.0,0.0,0.0,0.0,0.02023702266269319,0.0
2018,1,Tucumán,1.6132980284159806,0.0,0.0,0.0,0.0,0.4246713620846587
2017,4,Buenos Aires,16.921599751121544,25.826197714241736,5.105909912056061,4.133338345582016,4.0955021137986,23.428573609359287
2017,4,Capital Federal,7.449950330364939,14.184607688459614,1.3378595676255136,0.0,1.1055513202578142,11.219428420954209
2017,4,Catamarca,0.0,0.0,0.0,0.0,0.04144431353524153,0.0
2017,4,Chaco,0.14864831423733246,0.0,0.0,0.0,0.0,0.0
2017,4,Chubut,0.1676394373367177,0.0,0.0,0.6739845497434355,0.6662970406819599,0.0
2017,4,Córdoba,4.3155948513269395,4.38002847577635,0.4048597462926568,0.5215871285453828,1.2250329198142629,4.5610305749183775
2017,4,Corrientes,0.17340889245551827,0.0,0.0,0.0,0.0,0.0
2017,4,Entre Ríos,0.8942796842354588,0.5162966098433832,0.0,0.3880608236377648,0.0,0.6204210610677846
2017,4,Formosa,0.0,0.0,0.0,0.0,0.0,0.0
2017,4,Jujuy,0.0,0.0,0.0,0.0,0.0,0.0
2017,4,La Pampa,0.0,0.15924115904105898,0.22595438032279197,0.4107663101704791,0.0036038533508905676,0.0
2017,4,La Rioja,0.0,0.0,0.0,0.0,0.0,0.0
2017,4,Mendoza,1.5324832342886636,0.0,0.017231453357949695,0.08273969512997387,0.0026335851410354146,0.5169819313547954
2017,4,Misiones,0.1661263694501695,0.11267941663139262,0.0,0.0,0.0,0.0
2017,4,Neuquén,0.03133606015505411,0.21502289606341632,0.0,0.5487284551623028,0.10964030771363227,0.034744312164516455
2017,4,Río Negro,0.3417412300393468,0.0,0.0,0.0,0.44535310832351516,0.0
2017,4,Salta,0.511643198795202,0.1584869357755801,0.0,0.0,0.0,0.15565482380733395
2017,4,San Juan,0.13512968900798603,0.0,0.0,0.0,0.0,0.0
2017,4,San Luis,0.0,0.0,0.0,0.0,0.059324970545429345,0.0
2017,4,Santa Cruz,0.0,0.0,0.0,0.0,0.2840113659990297,0.0
2017,4,Santa Fe,4.202044055728977,3.904744680032324,0.3184642566454251,0.4405390673458264,1.8685979624367592,4.274657146073805
2017,4,Santiago Del Estero,0.0,0.0039635202216492865,0.0,0.0,0.0,0.0
2017,4,Tierra Del Fuego,0.0,0.0,0.0,0.0,0.019959803174163144,0.0
2017,4,Tucumán,1.584620442678413,0.0,0.0,0.0,0.0,0.3809738253663247
2017,3,Buenos Aires,17.584139654751848,23.566098433832302,4.857324360272368,2.25194068003684,5.111372929516945,22.482600175171786
2017,3,Capital Federal,7.618028133164115,13.867587639973832,1.226847716038354,0.0,1.0842054196410007,11.128102477402267
2017,3,Catamarca,0.0,0.0,0.0,0.0,0.038810728394206115,0.0
2017,3,Chaco,0.14656961349599992,0.0,0.0,0.0,0.0,0.0
2017,3,Chubut,0.16737076173069512,0.0,0.0,0.6313553746969156,0.6818213320396423,0.0
2017,3,Córdoba,4.243052437700844,4.297695001346828,0.31755106902507296,0.15273574798413622,1.8139857231963408,4.459247753584057
2017,3,Corrientes,0.16578698973729888,0.0,0.0,0.0,0.0,0.0
2017,3,Entre Ríos,0.8944210924491549,0.4532497017739639,0.0,0.08567186060936413,0.0,0.5575347719809105
2017,3,Formosa,0.0,0.0,0.0,0.0,0.0,0.0
2017,3,Jujuy,0.0,0.0,0.0,0.0,0.0,0.0
2017,3,La Pampa,0.0,0.14668103282410436,0.10211819824112124,0.4834689773133094,0.005960219003395939,0.0
2017,3,La Rioja,0.0,0.0,0.0,0.0,0.0,0.0
2017,3,Mendoza,1.5486037706500182,0.0,0.007583427629881087,0.0,0.0,0.6111701589712569
2017,3,Misiones,0.16896867454546097,0.057421018201408394,0.0,0.0,0.0,0.0
2017,3,Neuquén,0.049181776723500985,0.18961018971023974,0.0,0.4864763265229404,0.11005613694642734,0.025684229005623435
2017,3,Río Negro,0.35038127189617807,0.0,0.0,0.0,0.2932982188647862,0.0
2017,3,Salta,0.5127320420406619,0.15599338130603763,0.0,0.0,0.0,0.15341079310075048
2017,3,San Juan,0.14106883398322193,0.0,0.0,0.0,0.0,0.0
2017,3,San Luis,0.0,0.0,0.0,0.0,0.06403770185044008,0.0
2017,3,Santa Cruz,0.0,0.0,0.0,0.0,0.13666920784531153,0.0
2017,3,Santa Fe,3.9372288939403046,3.855858698580059,0.1491672125940484,0.0,4.934229676346247,4.197428905634311
2017,3,Santiago Del Estero,0.0,0.21466887289798744,0.0,0.0,0.0,0.0
2017,3,Tierra Del Fuego,0.0,0.0,0.0,0.0,0.04754314228290249,0.0
2017,3,Tucumán,1.5499330078587614,0.0,0.0,0.0,0.0,0.37089858545921534
2017,2,Buenos Aires,18.864223368414354,23.009774117828144,4.627518710420265,1.236734770595643,3.112759026959595,22.640376905565617
2017,2,Capital Federal,8.070718247669415,13.734813560626467,1.431203223949338,0.0,1.263427818975674,11.355802899302939
2017,2,Catamarca,0.0,0.0,0.0,0.0,0.0,0.0
2017,2,Chaco,0.14036179291474146,0.0,0.0,0.0,0.0,0.0
2017,2,Chubut,0.0,0.0,0.0,0.6081236020525158,0.40238408760135835,0.0
2017,2,Córdoba,4.20300563158211,4.053388232577827,0.0742461239155897,0.10078379038776009,0.0,4.161524414328976
2017,2,Corrientes,0.1518582806882338,0.0,0.0,0.0,0.0,0.0
2017,2,Entre Ríos,0.9019864318818959,0.42329626351637356,0.0,0.10093415784824164,0.0,0.5366820784761963
2017,2,Formosa,0.0,0.0,0.0,0.0,0.0,0.0
2017,2,Jujuy,0.0,0.0,0.0,0.0,0.0,0.0
2017,2,La Pampa,0.0,0.12560895832531652,0.10374605443392293,0.08627333045129035,0.0,0.0
2017,2,La Rioja,0.0,0.0,0.0,0.0,0.0,0.0
2017,2,Mendoza,1.5386344915844437,0.0,0.0,0.0,0.0,0.44524927631917904
2017,2,Misiones,0.17292810452895158,0.04272136068034017,0.0,0.0,0.0,0.0
2017,2,Neuquén,0.10281791217842888,0.15597798899449725,0.0,0.4841456308854764,0.10769977129392196,0.038270646132004725
2017,2,Río Negro,0.3183805931367523,0.0,0.0,0.0,0.0,0.0
2017,2,Salta,0.5042758308616356,0.0,0.0,0.0,0.0,0.0
2017,2,San Juan,0.05864198621976958,0.0,0.0,0.0,0.0,0.0
2017,2,San Luis,0.0,0.0,0.0,0.0,0.0,0.0
2017,2,Santa Cruz,0.0,0.0,0.0,0.0,0.04906784946981773,0.0
2017,2,Santa Fe,4.034234928535824,2.8930234347943204,0.0259265876560856,0.0,0.0,3.4718437116573195
2017,2,Santiago Del Estero,0.0,0.0,0.0,0.0,0.0,0.0
2017,2,Tierra Del Fuego,0.0,0.0,0.0,0.0,0.062235775174994803,0.0
2017,2,Tucumán,1.477574424910471,0.0,0.0,0.0,0.0,0.32051475316616324
2017,1,Buenos Aires,21.418465791585504,21.944318313002654,4.6158854942131695,1.2100445463601677,3.1105412710513547,23.485666635499573
2017,1,Capital Federal,5.434006554270705,13.517197060068495,1.4165525182141225,0.0,1.251230161480352,9.820511890882099
2017,1,Catamarca,0.0,0.0,0.0,0.0,0.0,0.0
2017,1,Chaco,0.14009311730871887,0.0,0.0,0.0,0.0,0.0
2017,1,Chubut,0.0,0.0,0.0,0.6081236020525158,0.40085938041444313,0.0
2017,1,Córdoba,4.1171001417617346,3.8993265863701083,0.09092172393941199,0.050861793507884896,0.0,4.036049513697938
2017,1,Corrientes,0.14805439973980888,0.0,0.0,0.0,0.0,0.0
2017,1,Entre Ríos,0.9048145961558177,0.3839689075306884,0.0,0.10093415784824164,0.0,0.5185237483708833
2017,1,Formosa,0.0,0.0,0.0,0.0,0.0,0.0
2017,1,Jujuy,0.0,0.0,0.0,0.0,0.0,0.0
2017,1,La Pampa,0.0,0.10844653095778659,0.10374605443392293,0.08627333045129035,0.0,0.0
2017,1,La Rioja,0.0,0.0,0.0,0.0,0.0,0.0
2017,1,Mendoza,1.5385637874775957,0.0,0.0,0.0,0.0,0.4450966211690713
2017,1,Misiones,0.1815681463857828,0.0,0.0,0.0,0.0,0.0
2017,1,Neuquén,0.10249267328692788,0.122515103705699,0.0,0.4931676785143695,0.10659089333980179,0.022287651915726726
2017,1,Río Negro,0.31890380352742786,0.0,0.0,0.0,0.0,0.0
2017,1,Salta,0.4993689658463812,0.0,0.0,0.0,0.0,0.0
2017,1,San Juan,0.05864198621976958,0.0,0.0,0.0,0.0,0.0
2017,1,San Luis,0.0,0.0,0.0,0.0,0.0,0.0
2017,1,Santa Cruz,0.0,0.0,0.0,0.0,0.049345068958347775,0.0
2017,1,Santa Fe,4.000933294210395,2.862115673221226,0.0249736962261529,0.0,0.0,3.4382748441486326
2017,1,Santiago Del Estero,0.0,0.0,0.0,0.0,0.0,0.0
2017,1,Tierra Del Fuego,0.0,0.0,0.0,0.0,0.062235775174994803,0.0
2017,1,Tucumán,1.4543834778643117,0.0,0.0,0.0,0.0,0.3079970308573304
2016,4,Buenos Aires,21.48017633604248,21.157140108515797,4.612232743731761,1.2246301900268781,3.1105412710513547,23.12940767893569
2016,4,Capital Federal,5.519332270414927,13.465232616308153,1.4126615448752309,0.0,1.251230161480352,9.838929734742594
2016,4,Catamarca,0.0,0.0,0.0,0.0,0.0,0.0
2016,4,Chaco,0.14778572413378632,0.0,0.0,0.0,0.0,0.0
2016,4,Chubut,0.0,0.0,0.0,0.6015826175215684,0.40085938041444313,0.0
2016,4,Córdoba,4.141068833983222,3.8356793781506138,0.031246898139876522,0.04364415540477041,0.0,4.0006029878429255
2016,4,Corrientes,0.14788470988337357,0.0,0.0,0.0,0.0,0.0
2016,4,Entre Ríos,0.9168342943199855,0.3692846423211606,0.0,0.10093415784824164,0.0,0.5176994105603017
2016,4,Formosa,0.0,0.0,0.0,0.0,0.0,0.0
2016,4,Jujuy,0.0,0.0,0.0,0.0,0.0,0.0
2016,4,La Pampa,0.0,0.10921614653480587,0.09818752109264883,0.08627333045129035,0.0,0.0
2016,4,La Rioja,0.0,0.0,0.0,0.0,0.0,0.0
2016,4,Mendoza,1.538478942549378,0.0,0.0,0.0,0.0,0.4450355591090282
2016,4,Misiones,0.19033545563494056,0.0,0.0,0.0,0.0,0.0
2016,4,Neuquén,0.1020825894672092,0.09604032785623581,0.0,0.5115876924233596,0.10659089333980179,0.010807984627626385
2016,4,Río Negro,0.31864926874277494,0.0,0.0,0.0,0.0,0.0
2016,4,Salta,0.49303387787279623,0.0,0.0,0.0,0.0,0.0
2016,4,San Juan,0.05864198621976958,0.0,0.0,0.0,0.0,0.0
2016,4,San Luis,0.0,0.0,0.0,0.0,0.0,0.0
2016,4,Santa Cruz,0.0,0.0,0.0,0.0,0.049345068958347775,0.0
2016,4,Santa Fe,3.990511508860992,2.8574671951360298,0.024616361939928135,0.0,0.0,3.4302604487679775
2016,4,Santiago Del Estero,0.0,0.0,0.0,0.0,0.0,0.0
2016,4,Tierra Del Fuego,0.0,0.0,0.0,0.0,0.062235775174994803,0.0
2016,4,Tucumán,1.4490382473865995,0.0,0.0,0.0,0.0,0.2994559752088036
2016,3,Buenos Aires,21.63111546334169,20.250440604917845,4.402437813908245,1.0346409037084374,3.1013930279298636,22.701141288065994
2016,3,Capital Federal,5.70162159869056,13.313664524569978,1.3584658447978084,0.0,1.256081502529628,9.851485620838954
2016,3,Catamarca,0.0,0.0,0.0,0.0,0.0,0.0
2016,3,Chaco,0.16584355302277734,0.0,0.0,0.0,0.0,0.0
2016,3,Chubut,0.0,0.0,0.0,0.6209048361934477,0.3948991614110472,0.0
2016,3,Córdoba,4.298215781863689,3.776203486358564,0.0,0.04432080897693739,0.0,4.046674312145434
2016,3,Corrientes,0.1613609126486112,0.0,0.0,0.0,0.0,0.0
2016,3,Entre Ríos,0.9624950065224539,0.3340208565821372,0.0,0.10040787173655621,0.0,0.5245994233451705
2016,3,Formosa,0.0,0.0,0.0,0.0,0.0,0.0
2016,3,Jujuy,0.0,0.0,0.0,0.0,0.0,0.0
2016,3,La Pampa,0.0,0.0893138877130873,0.09247017251305263,0.08499520703719715,0.0,0.0
2016,3,La Rioja,0.0,0.0,0.0,0.0,0.0,0.0
2016,3,Mendoza,1.5372486910902219,0.0,0.0,0.0,0.0,0.44426465060098425
2016,3,Misiones,0.21568994835064995,0.0,0.0,0.0,0.0,0.0
2016,3,Neuquén,0.1022239976809053,0.0706430138145996,0.0,0.5485780877018214,0.09924457689375563,0.0014044273809909991
2016,3,Río Negro,0.3184512972436004,0.0,0.0,0.0,0.0,0.0
2016,3,Salta,0.5139198710357091,0.0,0.0,0.0,0.0,0.0
2016,3,San Juan,0.05864198621976958,0.0,0.0,0.0,0.0,0.0
2016,3,San Luis,0.0,0.0,0.0,0.0,0.0,0.0
2016,3,Santa Cruz,0.0,0.0,0.0,0.0,0.037286021207290874,0.0
2016,3,Santa Fe,4.106324835878092,2.8146611767422174,0.01810493716872134,0.0,0.0,3.469790499888371
2016,3,Santiago Del Estero,0.0,0.0,0.0,0.0,0.0,0.0
2016,3,Tierra Del Fuego,0.0,0.0,0.0,0.0,0.061819945942199736,0.0
2016,3,Tucumán,1.4527714242281764,0.0,0.0,0.0,0.0,0.2969142669595101
2016,2,Buenos Aires,21.705100240747484,19.483580251664293,4.386834216743097,1.207262748341259,3.2933675237369187,22.38590077033605
2016,2,Capital Federal,5.74288451544708,13.115165274945165,1.3534234609810811,0.0,1.4929655554785501,9.786454526893067
2016,2,Catamarca,0.0,0.0,0.0,0.0,0.0,0.0
2016,2,Chaco,0.16387797885240163,0.0,0.0,0.0,0.0,0.0
2016,2,Chubut,0.0,0.0,0.0,0.6155667913463526,0.40224547785709336,0.0
2016,2,Córdoba,4.304013518625229,3.655142956093431,0.0,0.03793019190647144,0.0,3.9880776327765872
2016,2,Corrientes,0.15537934520926647,0.0,0.0,0.0,0.0,0.0
2016,2,Entre Ríos,0.9656201280451375,0.2865817524146689,0.0,0.09988158562487078,0.0,0.5034108885102193
2016,2,Formosa,0.0,0.0,0.0,0.0,0.0,0.0
2016,2,Jujuy,0.0,0.0,0.0,0.0,0.0,0.0
2016,2,La Pampa,0.0,0.06933466733366683,0.08445000297778572,0.08416818600454862,0.0,0.0
2016,2,La Rioja,0.0,0.0,0.0,0.0,0.0,0.0
2016,2,Mendoza,1.5384930833707475,0.0,0.0,0.0,0.0,0.4457912021020614
2016,2,Misiones,0.21281936161261927,0.0,0.0,0.0,0.0,0.0
2016,2,Neuquén,0.1020825894672092,0.03417862777542618,0.0,0.553389846437231,0.1314020375632407,0.0
2016,2,Río Negro,0.3182816073871651,0.0,0.0,0.0,0.0,0.0
2016,2,Salta,0.4937267781199071,0.0,0.0,0.0,0.0,0.0
2016,2,San Juan,0.05864198621976958,0.0,0.0,0.0,0.0,0.0
2016,2,San Luis,0.0,0.0,0.0,0.0,0.0,0.0
2016,2,Santa Cruz,0.0,0.0,0.0,0.0,0.09494767482153996,0.0
2016,2,Santa Fe,4.125174550763781,2.7542771385692846,0.0158815238322117,0.0,0.0,3.450426194097207
2016,2,Santiago Del Estero,0.0,0.0,0.0,0.0,0.0,0.0
2016,2,Tierra Del Fuego,0.0,0.0,0.0,0.0,0.062235775174994803,0.0
2016,2,Tucumán,1.427699747939859,0.0,0.0,0.0,0.0,0.2767485216302807
2016,1,Buenos Aires,21.763247298219316,17.866002231885172,4.313818910924503,1.2031276431780162,3.306674059186361,21.601436484962512
2016,1,Capital Federal,5.796350961045572,12.190349020664177,1.3400432771524429,0.0,1.5008663109016565,9.353768769427752
2016,1,Catamarca,0.0,0.0,0.0,0.0,0.0,0.0
2016,1,Chaco,0.16728591680247748,0.0,0.0,0.0,0.0,0.0
2016,1,Chubut,0.0,0.0,0.0,0.6145894028532226,0.40224547785709336,0.0
2016,1,Córdoba,4.33219617561486,3.2661946357794283,0.0,0.03988496889273161,0.0,3.797350288232005
2016,1,Corrientes,0.15457331839119876,0.0,0.0,0.0,0.0,0.0
2016,1,Entre Ríos,0.9697492478850634,0.22778312233039597,0.0,0.0992049320527038,0.0,0.4762382717910456
2016,1,Formosa,0.0,0.0,0.0,0.0,0.0,0.0
2016,1,Jujuy,0.0,0.0,0.0,0.0,0.0,0.0
2016,1,La Pampa,0.0,0.026651787432177627,0.07762094772993469,0.0829652463206962,0.0,0.0
2016,1,La Rioja,0.0,0.0,0.0,0.0,0.0,0.0
2016,1,Mendoza,1.5381819853006162,0.0,0.0,0.0,0.0,0.445684343496986
2016,1,Misiones,0.21232443286468294,0.0,0.0,0.0,0.0,0.0
2016,1,Neuquén,0.10151695661242484,0.0,0.0,0.5560964607258989,0.13154064730750573,0.0
2016,1,Río Negro,0.31634431485952863,0.0,0.0,0.0,0.0,0.0
2016,1,Salta,0.4871512961830388,0.0,0.0,0.0,0.0,0.0
2016,1,San Juan,0.05864198621976958,0.0,0.0,0.0,0.0,0.0
2016,1,San Luis,0.0,0.0,0.0,0.0,0.0,0.0
2016,1,Santa Cruz,0.0,0.0,0.0,0.0,0.07277011573913646,0.0
2016,1,Santa Fe,4.150741155800034,2.5345980682649016,0.017191749548369165,0.0,0.0,3.3551846459450023
2016,1,Santiago Del Estero,0.0,0.0,0.0,0.0,0.0,0.0
2016,1,Tierra Del Fuego,0.0,0.0,0.0,0.0,0.062235775174994803,0.0
2016,1,Tucumán,1.4099812987637388,0.0,0.0,0.0,0.0,0.2611776963192935
2015,4,Buenos Aires,21.80260120409094,18.216084965559702,3.997697179044329,1.1496720109768246,3.308891815094601,21.730201104078372
2015,4,Capital Federal,5.810520064057921,12.926470927771579,0.6843745657395827,0.0,1.504885993485342,9.600535819576878
2015,4,Catamarca,0.0,0.0,0.0,0.0,0.0,0.0
2015,4,Chaco,0.17386139873934578,0.0,0.0,0.0,0.0,0.0
2015,4,Chubut,0.0,0.0,0.0,0.6327086818412495,0.40224547785709336,0.0
2015,4,Córdoba,4.369612788958847,3.477315580867357,0.0,0.038155743097193766,0.0,3.9205735253989547
2015,4,Corrientes,0.15778328484210005,0.0,0.0,0.0,0.0,0.0
2015,4,Entre Ríos,0.9822214523330588,0.20412513949282332,0.0,0.09935529951318535,0.0,0.47107852771740477
2015,4,Formosa,0.0,0.0,0.0,0.0,0.0,0.0
2015,4,Jujuy,0.0,0.0,0.0,0.0,0.0,0.0
2015,4,La Pampa,0.0,0.03933505214145534,0.06932285152760408,0.0826645113997331,0.0,0.0
2015,4,La Rioja,0.0,0.0,0.0,0.0,0.0,0.0
2015,4,Mendoza,1.5380971403723986,0.0,0.0,0.0,0.0,0.4456614452244699
2015,4,Misiones,0.22242097932258395,0.0,0.0,0.0,0.0,0.0
2015,4,Neuquén,0.10120585854229343,0.0,0.0,0.588575832189914,0.13181786679603577,0.0
2015,4,Río Negro,0.31573625954063544,0.0,0.0,0.0,0.0,0.0
2015,4,Salta,0.4839130480893983,0.0,0.0,0.0,0.0,0.0
2015,4,San Juan,0.05864198621976958,0.0,0.0,0.0,0.0,0.0
2015,4,San Luis,0.0,0.0,0.0,0.0,0.0,0.0
2015,4,Santa Cruz,0.0,0.0,0.0,0.011691070052440652,0.07041375008663109,0.0
2015,4,Santa Fe,4.176067366873005,2.659198830184323,0.012069958112480893,0.0,0.0,3.429039207567116
2015,4,Santiago Del Estero,0.0,0.0,0.0,0.0,0.0,0.0
2015,4,Tierra Del Fuego,0.0,0.0,0.0,0.0,0.062235775174994803,0.0
2015,4,Tucumán,1.4093449618021063,0.0,0.0,0.0,0.0,0.25704074175137437
2015,3,Buenos Aires,21.790213844571163,17.60487166660253,4.407480197724972,1.118997049038588,3.3160995217963825,21.496486069263458
2015,3,Capital Federal,5.80186588137972,12.792742525108709,1.1273102654199672,0.0,1.5090442858132926,9.614595358901799
2015,3,Catamarca,0.0,0.0,0.0,0.0,0.0,0.0
2015,3,Chaco,0.16628191848523521,0.0,0.0,0.0,0.0,0.0
2015,3,Chubut,0.0,0.0,0.0,0.6242129203240419,0.40224547785709336,0.0
2015,3,Córdoba,4.343621959281505,3.446423211605803,0.0,0.02304381331879781,0.0,3.8971256943424093
2015,3,Corrientes,0.15935291601412668,0.0,0.0,0.0,0.0,0.0
2015,3,Entre Ríos,0.9811750315517077,0.18156001077461809,0.0,0.08687480029321655,0.0,0.4580799416857327
2015,3,Formosa,0.0,0.0,0.0,0.0,0.0,0.0
2015,3,Jujuy,0.0,0.0,0.0,0.0,0.0,0.0
2015,3,La Pampa,0.0,0.026728748989879557,0.05943660294205229,0.08191267409732533,0.0,0.0
2015,3,La Rioja,0.0,0.0,0.0,0.0,0.0,0.0
2015,3,Mendoza,1.5381819853006162,0.0,0.0,0.0,0.0,0.44578356934455604
2015,3,Misiones,0.2177403674492433,0.0,0.0,0.0,0.0,0.0
2015,3,Neuquén,0.03646917831222227,0.0,0.0,0.5973723286280849,0.12433294060572458,0.0
2015,3,Río Negro,0.315099922579003,0.0,0.0,0.0,0.0,0.0
2015,3,Salta,0.474297289558064,0.0,0.0,0.0,0.0,0.0
2015,3,San Juan,0.05864198621976958,0.0,0.0,0.0,0.0,0.0
2015,3,San Luis,0.0,0.0,0.0,0.0,0.0,0.0
2015,3,Santa Cruz,0.0,0.0,0.0,0.009059639494013496,0.0679187746898607,0.0
2015,3,Santa Fe,4.136458926216729,2.6093585254165546,0.06304964961388045,0.0,0.0,3.391379182035542
2015,3,Santiago Del Estero,0.0,0.0,0.0,0.0,0.0,0.0
2015,3,Tierra Del Fuego,0.0,0.0,0.0,0.0,0.062235775174994803,0.0
2015,3,Tucumán,1.3914851044122898,0.0,0.0,0.0,0.0,0.24344680063428215
2015,2,Buenos Aires,21.737935227967718,16.945434255589333,4.489667083556667,1.0647895795349887,3.345900616813362,21.15320280045873
2015,2,Capital Federal,5.77871735679767,12.593873860006926,0.6831040438330058,0.0,1.511539261210063,9.41779233938293
2015,2,Catamarca,0.0,0.0,0.0,0.0,0.0,0.0
2015,2,Chaco,0.15899939547988645,0.0,0.0,0.0,0.0,0.0
2015,2,Chubut,0.0,0.0,0.0,0.597673063549048,0.40224547785709336,0.0
2015,2,Córdoba,4.2932523535629565,3.3162196482856814,0.0,0.007029678777512547,0.0,3.7959763918810356
2015,2,Corrientes,0.15151890097536316,0.0,0.0,0.0,0.0,0.0
2015,2,Entre Ríos,0.9736662554044452,0.14803555623965828,0.0,0.06958254233783809,0.0,0.43562436910488744
2015,2,Formosa,0.0,0.0,0.0,0.0,0.0,0.0
2015,2,Jujuy,0.0,0.0,0.0,0.0,0.0,0.0
2015,2,La Pampa,0.0,0.010397506445530457,0.04518293530264229,0.08153675544612146,0.0,0.0
2015,2,La Rioja,0.0,0.0,0.0,0.0,0.0,0.0
2015,2,Mendoza,1.5382102669433555,0.0,0.0,0.0,0.0,0.44578356934455604
2015,2,Misiones,0.2072478779929932,0.0,0.0,0.0,0.0,0.0
2015,2,Neuquén,0.03612979859935164,0.0,0.0,0.5770727214630754,0.12447155034998961,0.0
2015,2,Río Negro,0.3141383467258696,0.0,0.0,0.0,0.0,0.0
2015,2,Salta,0.4622775913938961,0.0,0.0,0.0,0.0,0.0
2015,2,San Juan,0.05864198621976958,0.0,0.0,0.0,0.0,0.0
2015,2,San Luis,0.0,0.0,0.0,0.0,0.0,0.0
2015,2,Santa Cruz,0.0,0.0,0.0,0.0,0.0691662623882459,0.0
2015,2,Santa Fe,4.080956202341013,2.532581675453111,0.01175232763583666,0.0,0.0,3.3123801418547982
2015,2,Santiago Del Estero,0.0,0.0,0.0,0.0,0.0,0.0
2015,2,Tierra Del Fuego,0.0,0.0,0.0,0.0,0.062235775174994803,0.0
2015,2,Tucumán,1.3493313159094846,0.0,0.0,0.0,0.0,0.21568646158719376
2015,1,Buenos Aires,21.757237449137232,16.264847808519644,5.2248625255593275,1.0261451421912298,3.747868875181925,20.98567903873052
2015,1,Capital Federal,5.803548639122703,12.338376880748067,0.6651579219026066,0.0,1.7762838727562547,9.31426924933738
2015,1,Catamarca,0.0,0.0,0.0,0.0,0.0,0.0
2015,1,Chaco,0.1474746260636549,0.0,0.0,0.0,0.0,0.0
2015,1,Chubut,0.015866001576701583,0.0,0.0,0.5589534424750484,0.4940051285605378,0.0
2015,1,Córdoba,4.233196285206226,3.1925886019933043,0.0,0.0,0.0,3.698361056144656
2015,1,Corrientes,0.1431899571886633,0.0,0.0,0.0,0.0,0.0
2015,1,Entre Ríos,0.9593133217142917,0.11177127025050987,0.0,0.06296637407664982,0.0,0.409505072921457
2015,1,Formosa,0.0,0.0,0.0,0.0,0.0,0.0
2015,1,Jujuy,0.0,0.0,0.0,0.0,0.0,0.0
2015,1,La Pampa,0.0,0.0,0.025172215274055547,0.07958197845986129,0.0,0.0
2015,1,La Rioja,0.0,0.0,0.0,0.0,0.0,0.0
2015,1,Mendoza,1.5259360339945345,0.0,0.0,0.0,0.031187192459629913,0.4407230511184852
2015,1,Misiones,0.19428074479706153,0.0,0.0,0.0,0.0,0.0
2015,1,Neuquén,0.04235176000197972,0.0,0.0,0.5249703964062177,0.14678771917665812,0.0
2015,1,Río Negro,0.3075770056103709,0.0,0.0,0.0,0.0,0.0
2015,1,Salta,0.4490700642346811,0.0,0.0,0.0,0.0,0.0
2015,1,San Juan,0.05540373812612906,0.0,0.0,0.0,0.0,0.0
2015,1,San Luis,0.0,0.0,0.0,0.0,0.0,0.0
2015,1,Santa Cruz,0.0,0.0,0.0,0.0,0.09162104095917943,0.0
2015,1,Santa Fe,4.020037543880736,2.4456458998730133,0.010481805729259722,0.0,0.0,3.2364265719187033
2015,1,Santiago Del Estero,0.0,0.0,0.0,0.0,0.0,0.0
2015,1,Tierra Del Fuego,0.0,0.0,0.0,0.0,0.09453184558874489,0.0
2015,1,Tucumán,1.31981942171111,0.0,0.0,0.0,0.0,0.1973602108167623
2014,4,Buenos Aires,21.65603159059494,15.853857698079809,4.682945228594684,0.9490066349641938,4.177281862914963,20.638884701473312
2014,4,Capital Federal,5.815582478108241,12.314995959518221,0.5786433208266333,0.0,1.8702612793679396,9.297469550068026
2014,4,Catamarca,0.0,0.0,0.0,0.0,0.0,0.0
2014,4,Chaco,0.14849276520226679,0.0,0.0,0.0,0.0,0.0
2014,4,Chubut,0.056789538620350764,0.0,0.0,0.537601263086668,0.5902002910804629,0.0
2014,4,Córdoba,4.2512116916311085,3.083118482318082,0.0,0.0,0.0,3.648557313422013
2014,4,Corrientes,0.14467474343247227,0.0,0.0,0.0,0.0,0.0
2014,4,Entre Ríos,0.9582951825756799,0.0,0.0,0.0054508204424562525,0.0,0.21672451660792624
2014,4,Formosa,0.0,0.0,0.0,0.0,0.0,0.0
2014,4,Jujuy,0.0,0.0,0.0,0.0,0.0,0.0
2014,4,La Pampa,0.0,0.0,0.0,0.059282371294851796,0.0,0.0
2014,4,La Rioja,0.0,0.0,0.0,0.0,0.0,0.0
2014,4,Mendoza,1.5169424716034632,0.0,0.0,0.0,0.04449372790907201,0.43655556552054453
2014,4,Misiones,0.19672710689400394,0.0,0.0,0.0,0.0,0.0
2014,4,Neuquén,0.0452223467400104,0.0,0.0,0.5073022197996354,0.15649040127520963,0.0
2014,4,Río Negro,0.308043652715568,0.0,0.0,0.0,0.0,0.0
2014,4,Salta,0.4454782956068003,0.0,0.0,0.0,0.0,0.0
2014,4,San Juan,0.058401592256486216,0.0,0.0,0.0,0.0,0.0
2014,4,San Luis,0.0,0.0,0.0,0.0,0.0,0.0
2014,4,Santa Cruz,0.0,0.0,0.0,0.0,0.14249081710444245,0.0
2014,4,Santa Fe,4.111358968285673,2.1989379305037136,0.024775177178250254,0.08845365862827284,0.0,3.182691959080787
2014,4,Santiago Del Estero,0.0,0.0,0.0,0.0,0.0,0.0
2014,4,Tierra Del Fuego,0.0,0.0,0.0,0.0,0.11379860004158292,0.0
2014,4,Tucumán,1.3090158341847287,0.0,0.0,0.0,0.0,0.19085710142217355
2014,3,Buenos Aires,21.46590824728054,16.47713856928464,4.839616461199452,1.1235080728530347,4.155520133065354,20.8919716748369
2014,3,Capital Federal,5.735969653797341,12.20998961018971,0.6076668056300002,0.0,1.7306812668930627,9.200571693537153
2014,3,Catamarca,0.0,0.0,0.0,0.0,0.0,0.0
2014,3,Chaco,0.12441094640982221,0.0,0.0,0.0,0.0,0.0
2014,3,Chubut,0.06640529715168506,0.0,0.0,0.5073022197996354,0.6395453600388107,0.0
2014,3,Córdoba,4.18128532995839,3.0813021895563164,0.0,0.0,0.0,3.6103858931375785
2014,3,Corrientes,0.11926368743128445,0.0,0.0,0.0,0.0,0.0
2014,3,Entre Ríos,0.9104426430609222,0.0,0.0,0.00733041369847565,0.0,0.18558286598595192
2014,3,Formosa,0.0,0.0,0.0,0.0,0.0,0.0
2014,3,Jujuy,0.0,0.0,0.0,0.0,0.0,0.0
2014,3,La Pampa,0.0,0.0,0.0,0.45963573482698344,0.0,0.0
2014,3,La Rioja,0.0,0.0,0.0,0.0,0.0,0.0
2014,3,Mendoza,1.4932283141666283,0.0,0.0,0.0,0.04449372790907201,0.42365620533644244
2014,3,Misiones,0.17548759319685084,0.0,0.0,0.0,0.0,0.0
2014,3,Neuquén,0.14048906030706793,0.0,0.0,0.5828618686916152,0.1643911566983159,0.0
2014,3,Río Negro,0.29329477602706555,0.0,0.0,0.0,0.0,0.0
2014,3,Salta,0.4143967702363992,0.0,0.0,0.0,0.0,0.0
2014,3,San Juan,0.053013939314665096,0.0,0.0,0.0,0.0,0.0
2014,3,San Luis,0.0,0.0,0.0,0.0,0.0,0.0
2014,3,Santa Cruz,0.0,0.0,0.0,0.0,0.16591586388523114,0.0
2014,3,Santa Fe,3.9743344092141593,2.2084965559702927,0.07249915629404641,0.10785106103039302,0.0,3.1177371927099533
2014,3,Santiago Del Estero,0.0,0.0,0.0,0.0,0.0,0.0
2014,3,Tierra Del Fuego,0.0,0.0,0.0,0.0,0.12904567191073532,0.0
2014,3,Tucumán,1.2333058765718408,0.0,0.0,0.0,0.0,0.14996078670831609
2014,2,Buenos Aires,21.555674181334822,15.166667949359296,4.6622992476128085,0.8957765539537245,4.3310000693048725,20.243042264486498
2014,2,Capital Federal,5.700363065588665,12.133166583291645,0.6014333075258571,0.0,1.7539677039295862,9.142486408921167
2014,2,Catamarca,0.0,0.0,0.0,0.0,0.0,0.0
2014,2,Chaco,0.12441094640982221,0.0,0.0,0.0,0.0,0.0
2014,2,Chubut,0.09257995750683179,0.0,0.0,0.4401631486946225,0.7031672326564558,0.0
2014,2,Córdoba,4.147531189349134,2.9950282833724553,0.0,0.0,0.0,3.5456677422494116
2014,2,Corrientes,0.11821726664993336,0.0,0.0,0.0,0.0,0.0
2014,2,Entre Ríos,0.9103436573113349,0.0,0.0,0.0,0.0,0.17680519485475815
2014,2,Formosa,0.0,0.0,0.0,0.0,0.0,0.0
2014,2,Jujuy,0.0,0.0,0.0,0.0,0.0,0.0
2014,2,La Pampa,0.0,0.0,0.0,0.0574027780388324,0.0,0.0
2014,2,La Rioja,0.0,0.0,0.0,0.0,0.0,0.0
2014,2,Mendoza,1.4770936369839043,0.0,0.0,0.0,0.052810312564973316,0.4151304152029264
2014,2,Misiones,0.17548759319685084,0.0,0.0,0.0,0.0,0.0
2014,2,Neuquén,0.04587282452301242,0.0,0.0,0.4255023212976712,0.14997574329475363,0.0
2014,2,Río Negro,0.28843033347591995,0.0,0.0,0.0,0.0,0.0
2014,2,Salta,0.4145806009142041,0.0,0.0,0.0,0.0,0.0
2014,2,San Juan,0.051444308142638465,0.0,0.0,0.0,0.0,0.0
2014,2,San Luis,0.0,0.0,0.0,0.0,0.0,0.0
2014,2,Santa Cruz,0.0,0.0,0.0,0.0,0.1892023009217548,0.0
2014,2,Santa Fe,3.953462556872616,2.129457036210413,0.020010720028586743,0.07033437964024584,0.0,3.0526374039465174
2014,2,Santiago Del Estero,0.0,0.0,0.0,0.0,0.0,0.0
2014,2,Tierra Del Fuego,0.0,0.0,0.0,0.0,0.14318386582576756,0.0
2014,2,Tucumán,1.2333200173932102,0.0,0.0,0.0,0.0,0.14998368498083223
2014,1,Buenos Aires,21.53876175897677,14.787847770038866,4.700097274333472,0.8587861586752626,4.4248388661722915,20.054742136828626
2014,1,Capital Federal,5.671119846996313,12.006180013083465,0.6029420522899173,0.0,1.7539677039295862,9.063891904888209
2014,1,Catamarca,0.0,0.0,0.0,0.0,0.0,0.0
2014,1,Chaco,0.11946165893045897,0.0,0.0,0.0,0.0,0.0
2014,1,Chubut,0.09252339422135335,0.0,0.0,0.4263293423303197,0.7031672326564558,0.0
2014,1,Córdoba,4.133616621121438,2.857113171970601,0.0,0.0,0.0,3.469019591380327
2014,1,Corrientes,0.11372048545439761,0.0,0.0,0.0,0.0,0.0
2014,1,Entre Ríos,0.8959624419784423,0.0,0.0,0.0,0.0,0.16724898245801506
2014,1,Formosa,0.0,0.0,0.0,0.0,0.0,0.0
2014,1,Jujuy,0.0,0.0,0.0,0.0,0.0,0.0
2014,1,La Pampa,0.0,0.0,0.0,0.0558239197037761,0.0,0.0
2014,1,La Rioja,0.0,0.0,0.0,0.0,0.0,0.0
2014,1,Mendoza,1.4769663695915778,0.0,0.0,0.0,0.052810312564973316,0.4077877024827452
2014,1,Misiones,0.17073627721666212,0.0,0.0,0.0,0.0,0.0
2014,1,Neuquén,0.046198063414513435,0.0,0.0,0.39663176888521323,0.1594012059047751,0.0
2014,1,Río Negro,0.28794954554935326,0.0,0.0,0.0,0.0,0.0
2014,1,Salta,0.4045406177417815,0.0,0.0,0.0,0.0,0.0
2014,1,San Juan,0.051444308142638465,0.0,0.0,0.0,0.0,0.0
2014,1,San Luis,0.0,0.0,0.0,0.0,0.0,0.0
2014,1,Santa Cruz,0.0,0.0,0.0,0.0,0.18892508143322476,0.0
2014,1,Santa Fe,3.933113914921748,2.064824720052334,0.018978420979492983,0.06356784391857602,0.0,3.0087795793205703
2014,1,Santiago Del Estero,0.0,0.0,0.0,0.0,0.0,0.0
2014,1,Tierra Del Fuego,0.0,0.0,0.0,0.0,0.14318386582576756,0.0
2014,1,Tucumán,1.2047131357624907,0.0,0.0,0.0,0.0,0.13443575794236123
